source,target,relation,weight
post_1thyyy0,entity_bitcoin,MENTIONS,1.0
post_1thyyy0,entity_bitcoin_reserve_announcement_is_imminent,MENTIONS,1.0
post_1thyyy0,entity_white_house,MENTIONS,1.0
entity_bitcoin,entity_bitcoin_reserve_announcement_is_imminent,CO_MENTIONED_WITH,1.0
entity_bitcoin,entity_white_house,CO_MENTIONED_WITH,1.0
entity_bitcoin_reserve_announcement_is_imminent,entity_white_house,CO_MENTIONED_WITH,1.0
entity_bitcoin,topic_web3_general,BELONGS_TO,2.0
entity_bitcoin_reserve_announcement_is_imminent,topic_web3_general,BELONGS_TO,1.0
entity_white_house,topic_web3_general,BELONGS_TO,1.0
post_1thxboy,entity_btc,MENTIONS,1.0
post_1thxboy,entity_bitcoin,MENTIONS,1.0
post_1thxboy,entity_edit,MENTIONS,1.0
post_1thxboy,entity_edit2,MENTIONS,1.0
post_1thxboy,entity_funny,MENTIONS,1.0
post_1thxboy,entity_other,MENTIONS,1.0
post_1thxboy,entity_sometimes,MENTIONS,1.0
post_1thxboy,entity_there,MENTIONS,1.0
post_1thxboy,entity_these,MENTIONS,1.0
post_1thxboy,entity_unfortunately,MENTIONS,1.0
entity_bitcoin,entity_btc,CO_MENTIONED_WITH,2.0
entity_bitcoin,entity_edit,CO_MENTIONED_WITH,1.0
entity_bitcoin,entity_edit2,CO_MENTIONED_WITH,1.0
entity_bitcoin,entity_funny,CO_MENTIONED_WITH,1.0
entity_bitcoin,entity_other,CO_MENTIONED_WITH,1.0
entity_bitcoin,entity_sometimes,CO_MENTIONED_WITH,1.0
entity_bitcoin,entity_there,CO_MENTIONED_WITH,2.0
entity_bitcoin,entity_these,CO_MENTIONED_WITH,1.0
entity_bitcoin,entity_unfortunately,CO_MENTIONED_WITH,1.0
entity_btc,entity_edit,CO_MENTIONED_WITH,1.0
entity_btc,entity_edit2,CO_MENTIONED_WITH,1.0
entity_btc,entity_funny,CO_MENTIONED_WITH,1.0
entity_btc,entity_other,CO_MENTIONED_WITH,1.0
entity_btc,entity_sometimes,CO_MENTIONED_WITH,1.0
entity_btc,entity_there,CO_MENTIONED_WITH,2.0
entity_btc,entity_these,CO_MENTIONED_WITH,1.0
entity_btc,entity_unfortunately,CO_MENTIONED_WITH,1.0
entity_edit,entity_edit2,CO_MENTIONED_WITH,1.0
entity_edit,entity_funny,CO_MENTIONED_WITH,1.0
entity_edit,entity_other,CO_MENTIONED_WITH,1.0
entity_edit,entity_sometimes,CO_MENTIONED_WITH,1.0
entity_edit,entity_there,CO_MENTIONED_WITH,1.0
entity_edit,entity_these,CO_MENTIONED_WITH,1.0
entity_edit,entity_unfortunately,CO_MENTIONED_WITH,1.0
entity_edit2,entity_funny,CO_MENTIONED_WITH,1.0
entity_edit2,entity_other,CO_MENTIONED_WITH,1.0
entity_edit2,entity_sometimes,CO_MENTIONED_WITH,1.0
entity_edit2,entity_there,CO_MENTIONED_WITH,1.0
entity_edit2,entity_these,CO_MENTIONED_WITH,1.0
entity_edit2,entity_unfortunately,CO_MENTIONED_WITH,1.0
entity_funny,entity_other,CO_MENTIONED_WITH,1.0
entity_funny,entity_sometimes,CO_MENTIONED_WITH,1.0
entity_funny,entity_there,CO_MENTIONED_WITH,1.0
entity_funny,entity_these,CO_MENTIONED_WITH,1.0
entity_funny,entity_unfortunately,CO_MENTIONED_WITH,1.0
entity_other,entity_sometimes,CO_MENTIONED_WITH,1.0
entity_other,entity_there,CO_MENTIONED_WITH,1.0
entity_other,entity_these,CO_MENTIONED_WITH,1.0
entity_other,entity_unfortunately,CO_MENTIONED_WITH,1.0
entity_sometimes,entity_there,CO_MENTIONED_WITH,1.0
entity_sometimes,entity_these,CO_MENTIONED_WITH,1.0
entity_sometimes,entity_unfortunately,CO_MENTIONED_WITH,1.0
entity_there,entity_these,CO_MENTIONED_WITH,1.0
entity_there,entity_unfortunately,CO_MENTIONED_WITH,1.0
entity_these,entity_unfortunately,CO_MENTIONED_WITH,1.0
entity_btc,topic_security,BELONGS_TO,3.0
entity_bitcoin,topic_security,BELONGS_TO,2.0
entity_edit,topic_security,BELONGS_TO,1.0
entity_edit2,topic_security,BELONGS_TO,1.0
entity_funny,topic_security,BELONGS_TO,1.0
entity_other,topic_security,BELONGS_TO,1.0
entity_sometimes,topic_security,BELONGS_TO,1.0
entity_there,topic_security,BELONGS_TO,3.0
entity_these,topic_security,BELONGS_TO,1.0
entity_unfortunately,topic_security,BELONGS_TO,1.0
post_1tin0p7,entity_btc,MENTIONS,1.0
post_1tin0p7,entity_combine,MENTIONS,1.0
post_1tin0p7,entity_digital_asset,MENTIONS,1.0
post_1tin0p7,entity_eth,MENTIONS,1.0
post_1tin0p7,entity_tradfi,MENTIONS,1.0
post_1tin0p7,entity_trump,MENTIONS,1.0
post_1tin0p7,entity_usdt,MENTIONS,1.0
post_1tin0p7,entity_zec,MENTIONS,1.0
entity_btc,entity_combine,CO_MENTIONED_WITH,1.0
entity_btc,entity_digital_asset,CO_MENTIONED_WITH,1.0
entity_btc,entity_eth,CO_MENTIONED_WITH,1.0
entity_btc,entity_tradfi,CO_MENTIONED_WITH,1.0
entity_btc,entity_trump,CO_MENTIONED_WITH,1.0
entity_btc,entity_usdt,CO_MENTIONED_WITH,1.0
entity_btc,entity_zec,CO_MENTIONED_WITH,1.0
entity_combine,entity_digital_asset,CO_MENTIONED_WITH,1.0
entity_combine,entity_eth,CO_MENTIONED_WITH,1.0
entity_combine,entity_tradfi,CO_MENTIONED_WITH,1.0
entity_combine,entity_trump,CO_MENTIONED_WITH,1.0
entity_combine,entity_usdt,CO_MENTIONED_WITH,1.0
entity_combine,entity_zec,CO_MENTIONED_WITH,1.0
entity_digital_asset,entity_eth,CO_MENTIONED_WITH,1.0
entity_digital_asset,entity_tradfi,CO_MENTIONED_WITH,1.0
entity_digital_asset,entity_trump,CO_MENTIONED_WITH,1.0
entity_digital_asset,entity_usdt,CO_MENTIONED_WITH,1.0
entity_digital_asset,entity_zec,CO_MENTIONED_WITH,1.0
entity_eth,entity_tradfi,CO_MENTIONED_WITH,1.0
entity_eth,entity_trump,CO_MENTIONED_WITH,1.0
entity_eth,entity_usdt,CO_MENTIONED_WITH,1.0
entity_eth,entity_zec,CO_MENTIONED_WITH,1.0
entity_tradfi,entity_trump,CO_MENTIONED_WITH,1.0
entity_tradfi,entity_usdt,CO_MENTIONED_WITH,1.0
entity_tradfi,entity_zec,CO_MENTIONED_WITH,1.0
entity_trump,entity_usdt,CO_MENTIONED_WITH,1.0
entity_trump,entity_zec,CO_MENTIONED_WITH,1.0
entity_usdt,entity_zec,CO_MENTIONED_WITH,1.0
entity_btc,topic_nft_and_gaming,BELONGS_TO,1.0
entity_combine,topic_nft_and_gaming,BELONGS_TO,1.0
entity_digital_asset,topic_nft_and_gaming,BELONGS_TO,1.0
entity_eth,topic_nft_and_gaming,BELONGS_TO,1.0
entity_tradfi,topic_nft_and_gaming,BELONGS_TO,1.0
entity_trump,topic_nft_and_gaming,BELONGS_TO,1.0
entity_usdt,topic_nft_and_gaming,BELONGS_TO,1.0
entity_zec,topic_nft_and_gaming,BELONGS_TO,1.0
entity_btc,topic_stablecoins,BELONGS_TO,2.0
entity_combine,topic_stablecoins,BELONGS_TO,1.0
entity_digital_asset,topic_stablecoins,BELONGS_TO,1.0
entity_eth,topic_stablecoins,BELONGS_TO,1.0
entity_tradfi,topic_stablecoins,BELONGS_TO,1.0
entity_trump,topic_stablecoins,BELONGS_TO,1.0
entity_usdt,topic_stablecoins,BELONGS_TO,2.0
entity_zec,topic_stablecoins,BELONGS_TO,1.0
post_1thuecg,entity_however,MENTIONS,1.0
post_1thuecg,entity_instead,MENTIONS,1.0
post_1thuecg,entity_metamask,MENTIONS,1.0
post_1thuecg,entity_providing,MENTIONS,1.0
post_1thuecg,entity_stay,MENTIONS,1.0
post_1thuecg,entity_usdt,MENTIONS,1.0
entity_however,entity_instead,CO_MENTIONED_WITH,1.0
entity_however,entity_metamask,CO_MENTIONED_WITH,1.0
entity_however,entity_providing,CO_MENTIONED_WITH,1.0
entity_however,entity_stay,CO_MENTIONED_WITH,1.0
entity_however,entity_usdt,CO_MENTIONED_WITH,1.0
entity_instead,entity_metamask,CO_MENTIONED_WITH,1.0
entity_instead,entity_providing,CO_MENTIONED_WITH,1.0
entity_instead,entity_stay,CO_MENTIONED_WITH,1.0
entity_instead,entity_usdt,CO_MENTIONED_WITH,1.0
entity_metamask,entity_providing,CO_MENTIONED_WITH,1.0
entity_metamask,entity_stay,CO_MENTIONED_WITH,1.0
entity_metamask,entity_usdt,CO_MENTIONED_WITH,1.0
entity_providing,entity_stay,CO_MENTIONED_WITH,1.0
entity_providing,entity_usdt,CO_MENTIONED_WITH,1.0
entity_stay,entity_usdt,CO_MENTIONED_WITH,1.0
entity_however,topic_defi,BELONGS_TO,1.0
entity_instead,topic_defi,BELONGS_TO,1.0
entity_metamask,topic_defi,BELONGS_TO,1.0
entity_providing,topic_defi,BELONGS_TO,1.0
entity_stay,topic_defi,BELONGS_TO,1.0
entity_usdt,topic_defi,BELONGS_TO,1.0
entity_however,topic_security,BELONGS_TO,1.0
entity_instead,topic_security,BELONGS_TO,1.0
entity_metamask,topic_security,BELONGS_TO,1.0
entity_providing,topic_security,BELONGS_TO,1.0
entity_stay,topic_security,BELONGS_TO,1.0
entity_usdt,topic_security,BELONGS_TO,1.0
entity_however,topic_stablecoins,BELONGS_TO,1.0
entity_instead,topic_stablecoins,BELONGS_TO,1.0
entity_metamask,topic_stablecoins,BELONGS_TO,1.0
entity_providing,topic_stablecoins,BELONGS_TO,1.0
entity_stay,topic_stablecoins,BELONGS_TO,1.0
post_1tj2hrd,entity_apks,MENTIONS,1.0
post_1tj2hrd,entity_ad_tech_sdks,MENTIONS,1.0
post_1tj2hrd,entity_adjust,MENTIONS,1.0
post_1tj2hrd,entity_android,MENTIONS,1.0
post_1tj2hrd,entity_androidmanifest,MENTIONS,1.0
post_1tj2hrd,entity_appxpose,MENTIONS,1.0
post_1tj2hrd,entity_appsflyer,MENTIONS,1.0
post_1tj2hrd,entity_binance,MENTIONS,1.0
post_1tj2hrd,entity_binance_android_apk,MENTIONS,1.0
post_1tj2hrd,entity_branch,MENTIONS,1.0
post_1tj2hrd,entity_bytedance,MENTIONS,1.0
post_1tj2hrd,entity_bytedance_applog,MENTIONS,1.0
post_1tj2hrd,entity_checked,MENTIONS,1.0
post_1tj2hrd,entity_chinese,MENTIONS,1.0
post_1tj2hrd,entity_embedding,MENTIONS,1.0
post_1tj2hrd,entity_exodus_privacy,MENTIONS,1.0
post_1tj2hrd,entity_kyc,MENTIONS,1.0
post_1tj2hrd,entity_netguard,MENTIONS,1.0
post_1tj2hrd,entity_on_android,MENTIONS,1.0
post_1tj2hrd,entity_pcapdroid,MENTIONS,1.0
post_1tj2hrd,entity_pixel,MENTIONS,1.0
post_1tj2hrd,entity_pulled,MENTIONS,1.0
post_1tj2hrd,entity_sdks,MENTIONS,1.0
post_1tj2hrd,entity_sensors_data,MENTIONS,1.0
post_1tj2hrd,entity_tencent,MENTIONS,1.0
post_1tj2hrd,entity_tencent_beacon,MENTIONS,1.0
post_1tj2hrd,entity_the_binance_android,MENTIONS,1.0
post_1tj2hrd,entity_tiktok,MENTIONS,1.0
post_1tj2hrd,entity_was,MENTIONS,1.0
post_1tj2hrd,entity_wechat,MENTIONS,1.0
entity_ad_tech_sdks,entity_adjust,CO_MENTIONED_WITH,1.0
entity_ad_tech_sdks,entity_android,CO_MENTIONED_WITH,1.0
entity_ad_tech_sdks,entity_androidmanifest,CO_MENTIONED_WITH,1.0
entity_ad_tech_sdks,entity_apks,CO_MENTIONED_WITH,1.0
entity_ad_tech_sdks,entity_appsflyer,CO_MENTIONED_WITH,1.0
entity_ad_tech_sdks,entity_appxpose,CO_MENTIONED_WITH,1.0
entity_ad_tech_sdks,entity_binance,CO_MENTIONED_WITH,1.0
entity_ad_tech_sdks,entity_binance_android_apk,CO_MENTIONED_WITH,1.0
entity_ad_tech_sdks,entity_branch,CO_MENTIONED_WITH,1.0
entity_ad_tech_sdks,entity_bytedance,CO_MENTIONED_WITH,1.0
entity_ad_tech_sdks,entity_bytedance_applog,CO_MENTIONED_WITH,1.0
entity_ad_tech_sdks,entity_checked,CO_MENTIONED_WITH,1.0
entity_ad_tech_sdks,entity_chinese,CO_MENTIONED_WITH,1.0
entity_ad_tech_sdks,entity_embedding,CO_MENTIONED_WITH,1.0
entity_ad_tech_sdks,entity_exodus_privacy,CO_MENTIONED_WITH,1.0
entity_ad_tech_sdks,entity_kyc,CO_MENTIONED_WITH,1.0
entity_ad_tech_sdks,entity_netguard,CO_MENTIONED_WITH,1.0
entity_ad_tech_sdks,entity_on_android,CO_MENTIONED_WITH,1.0
entity_ad_tech_sdks,entity_pcapdroid,CO_MENTIONED_WITH,1.0
entity_ad_tech_sdks,entity_pixel,CO_MENTIONED_WITH,1.0
entity_ad_tech_sdks,entity_pulled,CO_MENTIONED_WITH,1.0
entity_ad_tech_sdks,entity_sdks,CO_MENTIONED_WITH,1.0
entity_ad_tech_sdks,entity_sensors_data,CO_MENTIONED_WITH,1.0
entity_ad_tech_sdks,entity_tencent,CO_MENTIONED_WITH,1.0
entity_ad_tech_sdks,entity_tencent_beacon,CO_MENTIONED_WITH,1.0
entity_ad_tech_sdks,entity_the_binance_android,CO_MENTIONED_WITH,1.0
entity_ad_tech_sdks,entity_tiktok,CO_MENTIONED_WITH,1.0
entity_ad_tech_sdks,entity_was,CO_MENTIONED_WITH,1.0
entity_ad_tech_sdks,entity_wechat,CO_MENTIONED_WITH,1.0
entity_adjust,entity_android,CO_MENTIONED_WITH,1.0
entity_adjust,entity_androidmanifest,CO_MENTIONED_WITH,1.0
entity_adjust,entity_apks,CO_MENTIONED_WITH,1.0
entity_adjust,entity_appsflyer,CO_MENTIONED_WITH,1.0
entity_adjust,entity_appxpose,CO_MENTIONED_WITH,1.0
entity_adjust,entity_binance,CO_MENTIONED_WITH,1.0
entity_adjust,entity_binance_android_apk,CO_MENTIONED_WITH,1.0
entity_adjust,entity_branch,CO_MENTIONED_WITH,1.0
entity_adjust,entity_bytedance,CO_MENTIONED_WITH,1.0
entity_adjust,entity_bytedance_applog,CO_MENTIONED_WITH,1.0
entity_adjust,entity_checked,CO_MENTIONED_WITH,1.0
entity_adjust,entity_chinese,CO_MENTIONED_WITH,1.0
entity_adjust,entity_embedding,CO_MENTIONED_WITH,1.0
entity_adjust,entity_exodus_privacy,CO_MENTIONED_WITH,1.0
entity_adjust,entity_kyc,CO_MENTIONED_WITH,1.0
entity_adjust,entity_netguard,CO_MENTIONED_WITH,1.0
entity_adjust,entity_on_android,CO_MENTIONED_WITH,1.0
entity_adjust,entity_pcapdroid,CO_MENTIONED_WITH,1.0
entity_adjust,entity_pixel,CO_MENTIONED_WITH,1.0
entity_adjust,entity_pulled,CO_MENTIONED_WITH,1.0
entity_adjust,entity_sdks,CO_MENTIONED_WITH,1.0
entity_adjust,entity_sensors_data,CO_MENTIONED_WITH,1.0
entity_adjust,entity_tencent,CO_MENTIONED_WITH,1.0
entity_adjust,entity_tencent_beacon,CO_MENTIONED_WITH,1.0
entity_adjust,entity_the_binance_android,CO_MENTIONED_WITH,1.0
entity_adjust,entity_tiktok,CO_MENTIONED_WITH,1.0
entity_adjust,entity_was,CO_MENTIONED_WITH,1.0
entity_adjust,entity_wechat,CO_MENTIONED_WITH,1.0
entity_android,entity_androidmanifest,CO_MENTIONED_WITH,1.0
entity_android,entity_apks,CO_MENTIONED_WITH,1.0
entity_android,entity_appsflyer,CO_MENTIONED_WITH,1.0
entity_android,entity_appxpose,CO_MENTIONED_WITH,1.0
entity_android,entity_binance,CO_MENTIONED_WITH,1.0
entity_android,entity_binance_android_apk,CO_MENTIONED_WITH,1.0
entity_android,entity_branch,CO_MENTIONED_WITH,1.0
entity_android,entity_bytedance,CO_MENTIONED_WITH,1.0
entity_android,entity_bytedance_applog,CO_MENTIONED_WITH,1.0
entity_android,entity_checked,CO_MENTIONED_WITH,1.0
entity_android,entity_chinese,CO_MENTIONED_WITH,1.0
entity_android,entity_embedding,CO_MENTIONED_WITH,1.0
entity_android,entity_exodus_privacy,CO_MENTIONED_WITH,1.0
entity_android,entity_kyc,CO_MENTIONED_WITH,1.0
entity_android,entity_netguard,CO_MENTIONED_WITH,1.0
entity_android,entity_on_android,CO_MENTIONED_WITH,1.0
entity_android,entity_pcapdroid,CO_MENTIONED_WITH,1.0
entity_android,entity_pixel,CO_MENTIONED_WITH,1.0
entity_android,entity_pulled,CO_MENTIONED_WITH,1.0
entity_android,entity_sdks,CO_MENTIONED_WITH,1.0
entity_android,entity_sensors_data,CO_MENTIONED_WITH,1.0
entity_android,entity_tencent,CO_MENTIONED_WITH,1.0
entity_android,entity_tencent_beacon,CO_MENTIONED_WITH,1.0
entity_android,entity_the_binance_android,CO_MENTIONED_WITH,1.0
entity_android,entity_tiktok,CO_MENTIONED_WITH,1.0
entity_android,entity_was,CO_MENTIONED_WITH,1.0
entity_android,entity_wechat,CO_MENTIONED_WITH,1.0
entity_androidmanifest,entity_apks,CO_MENTIONED_WITH,1.0
entity_androidmanifest,entity_appsflyer,CO_MENTIONED_WITH,1.0
entity_androidmanifest,entity_appxpose,CO_MENTIONED_WITH,1.0
entity_androidmanifest,entity_binance,CO_MENTIONED_WITH,1.0
entity_androidmanifest,entity_binance_android_apk,CO_MENTIONED_WITH,1.0
entity_androidmanifest,entity_branch,CO_MENTIONED_WITH,1.0
entity_androidmanifest,entity_bytedance,CO_MENTIONED_WITH,1.0
entity_androidmanifest,entity_bytedance_applog,CO_MENTIONED_WITH,1.0
entity_androidmanifest,entity_checked,CO_MENTIONED_WITH,1.0
entity_androidmanifest,entity_chinese,CO_MENTIONED_WITH,1.0
entity_androidmanifest,entity_embedding,CO_MENTIONED_WITH,1.0
entity_androidmanifest,entity_exodus_privacy,CO_MENTIONED_WITH,1.0
entity_androidmanifest,entity_kyc,CO_MENTIONED_WITH,1.0
entity_androidmanifest,entity_netguard,CO_MENTIONED_WITH,1.0
entity_androidmanifest,entity_on_android,CO_MENTIONED_WITH,1.0
entity_androidmanifest,entity_pcapdroid,CO_MENTIONED_WITH,1.0
entity_androidmanifest,entity_pixel,CO_MENTIONED_WITH,1.0
entity_androidmanifest,entity_pulled,CO_MENTIONED_WITH,1.0
entity_androidmanifest,entity_sdks,CO_MENTIONED_WITH,1.0
entity_androidmanifest,entity_sensors_data,CO_MENTIONED_WITH,1.0
entity_androidmanifest,entity_tencent,CO_MENTIONED_WITH,1.0
entity_androidmanifest,entity_tencent_beacon,CO_MENTIONED_WITH,1.0
entity_androidmanifest,entity_the_binance_android,CO_MENTIONED_WITH,1.0
entity_androidmanifest,entity_tiktok,CO_MENTIONED_WITH,1.0
entity_androidmanifest,entity_was,CO_MENTIONED_WITH,1.0
entity_androidmanifest,entity_wechat,CO_MENTIONED_WITH,1.0
entity_apks,entity_appsflyer,CO_MENTIONED_WITH,1.0
entity_apks,entity_appxpose,CO_MENTIONED_WITH,1.0
entity_apks,entity_binance,CO_MENTIONED_WITH,1.0
entity_apks,entity_binance_android_apk,CO_MENTIONED_WITH,1.0
entity_apks,entity_branch,CO_MENTIONED_WITH,1.0
entity_apks,entity_bytedance,CO_MENTIONED_WITH,1.0
entity_apks,entity_bytedance_applog,CO_MENTIONED_WITH,1.0
entity_apks,entity_checked,CO_MENTIONED_WITH,1.0
entity_apks,entity_chinese,CO_MENTIONED_WITH,1.0
entity_apks,entity_embedding,CO_MENTIONED_WITH,1.0
entity_apks,entity_exodus_privacy,CO_MENTIONED_WITH,1.0
entity_apks,entity_kyc,CO_MENTIONED_WITH,1.0
entity_apks,entity_netguard,CO_MENTIONED_WITH,1.0
entity_apks,entity_on_android,CO_MENTIONED_WITH,1.0
entity_apks,entity_pcapdroid,CO_MENTIONED_WITH,1.0
entity_apks,entity_pixel,CO_MENTIONED_WITH,1.0
entity_apks,entity_pulled,CO_MENTIONED_WITH,1.0
entity_apks,entity_sdks,CO_MENTIONED_WITH,1.0
entity_apks,entity_sensors_data,CO_MENTIONED_WITH,1.0
entity_apks,entity_tencent,CO_MENTIONED_WITH,1.0
entity_apks,entity_tencent_beacon,CO_MENTIONED_WITH,1.0
entity_apks,entity_the_binance_android,CO_MENTIONED_WITH,1.0
entity_apks,entity_tiktok,CO_MENTIONED_WITH,1.0
entity_apks,entity_was,CO_MENTIONED_WITH,1.0
entity_apks,entity_wechat,CO_MENTIONED_WITH,1.0
entity_appsflyer,entity_appxpose,CO_MENTIONED_WITH,1.0
entity_appsflyer,entity_binance,CO_MENTIONED_WITH,1.0
entity_appsflyer,entity_binance_android_apk,CO_MENTIONED_WITH,1.0
entity_appsflyer,entity_branch,CO_MENTIONED_WITH,1.0
entity_appsflyer,entity_bytedance,CO_MENTIONED_WITH,1.0
entity_appsflyer,entity_bytedance_applog,CO_MENTIONED_WITH,1.0
entity_appsflyer,entity_checked,CO_MENTIONED_WITH,1.0
entity_appsflyer,entity_chinese,CO_MENTIONED_WITH,1.0
entity_appsflyer,entity_embedding,CO_MENTIONED_WITH,1.0
entity_appsflyer,entity_exodus_privacy,CO_MENTIONED_WITH,1.0
entity_appsflyer,entity_kyc,CO_MENTIONED_WITH,1.0
entity_appsflyer,entity_netguard,CO_MENTIONED_WITH,1.0
entity_appsflyer,entity_on_android,CO_MENTIONED_WITH,1.0
entity_appsflyer,entity_pcapdroid,CO_MENTIONED_WITH,1.0
entity_appsflyer,entity_pixel,CO_MENTIONED_WITH,1.0
entity_appsflyer,entity_pulled,CO_MENTIONED_WITH,1.0
entity_appsflyer,entity_sdks,CO_MENTIONED_WITH,1.0
entity_appsflyer,entity_sensors_data,CO_MENTIONED_WITH,1.0
entity_appsflyer,entity_tencent,CO_MENTIONED_WITH,1.0
entity_appsflyer,entity_tencent_beacon,CO_MENTIONED_WITH,1.0
entity_appsflyer,entity_the_binance_android,CO_MENTIONED_WITH,1.0
entity_appsflyer,entity_tiktok,CO_MENTIONED_WITH,1.0
entity_appsflyer,entity_was,CO_MENTIONED_WITH,1.0
entity_appsflyer,entity_wechat,CO_MENTIONED_WITH,1.0
entity_appxpose,entity_binance,CO_MENTIONED_WITH,1.0
entity_appxpose,entity_binance_android_apk,CO_MENTIONED_WITH,1.0
entity_appxpose,entity_branch,CO_MENTIONED_WITH,1.0
entity_appxpose,entity_bytedance,CO_MENTIONED_WITH,1.0
entity_appxpose,entity_bytedance_applog,CO_MENTIONED_WITH,1.0
entity_appxpose,entity_checked,CO_MENTIONED_WITH,1.0
entity_appxpose,entity_chinese,CO_MENTIONED_WITH,1.0
entity_appxpose,entity_embedding,CO_MENTIONED_WITH,1.0
entity_appxpose,entity_exodus_privacy,CO_MENTIONED_WITH,1.0
entity_appxpose,entity_kyc,CO_MENTIONED_WITH,1.0
entity_appxpose,entity_netguard,CO_MENTIONED_WITH,1.0
entity_appxpose,entity_on_android,CO_MENTIONED_WITH,1.0
entity_appxpose,entity_pcapdroid,CO_MENTIONED_WITH,1.0
entity_appxpose,entity_pixel,CO_MENTIONED_WITH,1.0
entity_appxpose,entity_pulled,CO_MENTIONED_WITH,1.0
entity_appxpose,entity_sdks,CO_MENTIONED_WITH,1.0
entity_appxpose,entity_sensors_data,CO_MENTIONED_WITH,1.0
entity_appxpose,entity_tencent,CO_MENTIONED_WITH,1.0
entity_appxpose,entity_tencent_beacon,CO_MENTIONED_WITH,1.0
entity_appxpose,entity_the_binance_android,CO_MENTIONED_WITH,1.0
entity_appxpose,entity_tiktok,CO_MENTIONED_WITH,1.0
entity_appxpose,entity_was,CO_MENTIONED_WITH,1.0
entity_appxpose,entity_wechat,CO_MENTIONED_WITH,1.0
entity_binance,entity_binance_android_apk,CO_MENTIONED_WITH,1.0
entity_binance,entity_branch,CO_MENTIONED_WITH,1.0
entity_binance,entity_bytedance,CO_MENTIONED_WITH,1.0
entity_binance,entity_bytedance_applog,CO_MENTIONED_WITH,1.0
entity_binance,entity_checked,CO_MENTIONED_WITH,1.0
entity_binance,entity_chinese,CO_MENTIONED_WITH,1.0
entity_binance,entity_embedding,CO_MENTIONED_WITH,1.0
entity_binance,entity_exodus_privacy,CO_MENTIONED_WITH,1.0
entity_binance,entity_kyc,CO_MENTIONED_WITH,1.0
entity_binance,entity_netguard,CO_MENTIONED_WITH,1.0
entity_binance,entity_on_android,CO_MENTIONED_WITH,1.0
entity_binance,entity_pcapdroid,CO_MENTIONED_WITH,1.0
entity_binance,entity_pixel,CO_MENTIONED_WITH,1.0
entity_binance,entity_pulled,CO_MENTIONED_WITH,1.0
entity_binance,entity_sdks,CO_MENTIONED_WITH,1.0
entity_binance,entity_sensors_data,CO_MENTIONED_WITH,1.0
entity_binance,entity_tencent,CO_MENTIONED_WITH,1.0
entity_binance,entity_tencent_beacon,CO_MENTIONED_WITH,1.0
entity_binance,entity_the_binance_android,CO_MENTIONED_WITH,1.0
entity_binance,entity_tiktok,CO_MENTIONED_WITH,1.0
entity_binance,entity_was,CO_MENTIONED_WITH,1.0
entity_binance,entity_wechat,CO_MENTIONED_WITH,1.0
entity_binance_android_apk,entity_branch,CO_MENTIONED_WITH,1.0
entity_binance_android_apk,entity_bytedance,CO_MENTIONED_WITH,1.0
entity_binance_android_apk,entity_bytedance_applog,CO_MENTIONED_WITH,1.0
entity_binance_android_apk,entity_checked,CO_MENTIONED_WITH,1.0
entity_binance_android_apk,entity_chinese,CO_MENTIONED_WITH,1.0
entity_binance_android_apk,entity_embedding,CO_MENTIONED_WITH,1.0
entity_binance_android_apk,entity_exodus_privacy,CO_MENTIONED_WITH,1.0
entity_binance_android_apk,entity_kyc,CO_MENTIONED_WITH,1.0
entity_binance_android_apk,entity_netguard,CO_MENTIONED_WITH,1.0
entity_binance_android_apk,entity_on_android,CO_MENTIONED_WITH,1.0
entity_binance_android_apk,entity_pcapdroid,CO_MENTIONED_WITH,1.0
entity_binance_android_apk,entity_pixel,CO_MENTIONED_WITH,1.0
entity_binance_android_apk,entity_pulled,CO_MENTIONED_WITH,1.0
entity_binance_android_apk,entity_sdks,CO_MENTIONED_WITH,1.0
entity_binance_android_apk,entity_sensors_data,CO_MENTIONED_WITH,1.0
entity_binance_android_apk,entity_tencent,CO_MENTIONED_WITH,1.0
entity_binance_android_apk,entity_tencent_beacon,CO_MENTIONED_WITH,1.0
entity_binance_android_apk,entity_the_binance_android,CO_MENTIONED_WITH,1.0
entity_binance_android_apk,entity_tiktok,CO_MENTIONED_WITH,1.0
entity_binance_android_apk,entity_was,CO_MENTIONED_WITH,1.0
entity_binance_android_apk,entity_wechat,CO_MENTIONED_WITH,1.0
entity_branch,entity_bytedance,CO_MENTIONED_WITH,1.0
entity_branch,entity_bytedance_applog,CO_MENTIONED_WITH,1.0
entity_branch,entity_checked,CO_MENTIONED_WITH,1.0
entity_branch,entity_chinese,CO_MENTIONED_WITH,1.0
entity_branch,entity_embedding,CO_MENTIONED_WITH,1.0
entity_branch,entity_exodus_privacy,CO_MENTIONED_WITH,1.0
entity_branch,entity_kyc,CO_MENTIONED_WITH,1.0
entity_branch,entity_netguard,CO_MENTIONED_WITH,1.0
entity_branch,entity_on_android,CO_MENTIONED_WITH,1.0
entity_branch,entity_pcapdroid,CO_MENTIONED_WITH,1.0
entity_branch,entity_pixel,CO_MENTIONED_WITH,1.0
entity_branch,entity_pulled,CO_MENTIONED_WITH,1.0
entity_branch,entity_sdks,CO_MENTIONED_WITH,1.0
entity_branch,entity_sensors_data,CO_MENTIONED_WITH,1.0
entity_branch,entity_tencent,CO_MENTIONED_WITH,1.0
entity_branch,entity_tencent_beacon,CO_MENTIONED_WITH,1.0
entity_branch,entity_the_binance_android,CO_MENTIONED_WITH,1.0
entity_branch,entity_tiktok,CO_MENTIONED_WITH,1.0
entity_branch,entity_was,CO_MENTIONED_WITH,1.0
entity_branch,entity_wechat,CO_MENTIONED_WITH,1.0
entity_bytedance,entity_bytedance_applog,CO_MENTIONED_WITH,1.0
entity_bytedance,entity_checked,CO_MENTIONED_WITH,1.0
entity_bytedance,entity_chinese,CO_MENTIONED_WITH,1.0
entity_bytedance,entity_embedding,CO_MENTIONED_WITH,1.0
entity_bytedance,entity_exodus_privacy,CO_MENTIONED_WITH,1.0
entity_bytedance,entity_kyc,CO_MENTIONED_WITH,1.0
entity_bytedance,entity_netguard,CO_MENTIONED_WITH,1.0
entity_bytedance,entity_on_android,CO_MENTIONED_WITH,1.0
entity_bytedance,entity_pcapdroid,CO_MENTIONED_WITH,1.0
entity_bytedance,entity_pixel,CO_MENTIONED_WITH,1.0
entity_bytedance,entity_pulled,CO_MENTIONED_WITH,1.0
entity_bytedance,entity_sdks,CO_MENTIONED_WITH,1.0
entity_bytedance,entity_sensors_data,CO_MENTIONED_WITH,1.0
entity_bytedance,entity_tencent,CO_MENTIONED_WITH,1.0
entity_bytedance,entity_tencent_beacon,CO_MENTIONED_WITH,1.0
entity_bytedance,entity_the_binance_android,CO_MENTIONED_WITH,1.0
entity_bytedance,entity_tiktok,CO_MENTIONED_WITH,1.0
entity_bytedance,entity_was,CO_MENTIONED_WITH,1.0
entity_bytedance,entity_wechat,CO_MENTIONED_WITH,1.0
entity_bytedance_applog,entity_checked,CO_MENTIONED_WITH,1.0
entity_bytedance_applog,entity_chinese,CO_MENTIONED_WITH,1.0
entity_bytedance_applog,entity_embedding,CO_MENTIONED_WITH,1.0
entity_bytedance_applog,entity_exodus_privacy,CO_MENTIONED_WITH,1.0
entity_bytedance_applog,entity_kyc,CO_MENTIONED_WITH,1.0
entity_bytedance_applog,entity_netguard,CO_MENTIONED_WITH,1.0
entity_bytedance_applog,entity_on_android,CO_MENTIONED_WITH,1.0
entity_bytedance_applog,entity_pcapdroid,CO_MENTIONED_WITH,1.0
entity_bytedance_applog,entity_pixel,CO_MENTIONED_WITH,1.0
entity_bytedance_applog,entity_pulled,CO_MENTIONED_WITH,1.0
entity_bytedance_applog,entity_sdks,CO_MENTIONED_WITH,1.0
entity_bytedance_applog,entity_sensors_data,CO_MENTIONED_WITH,1.0
entity_bytedance_applog,entity_tencent,CO_MENTIONED_WITH,1.0
entity_bytedance_applog,entity_tencent_beacon,CO_MENTIONED_WITH,1.0
entity_bytedance_applog,entity_the_binance_android,CO_MENTIONED_WITH,1.0
entity_bytedance_applog,entity_tiktok,CO_MENTIONED_WITH,1.0
entity_bytedance_applog,entity_was,CO_MENTIONED_WITH,1.0
entity_bytedance_applog,entity_wechat,CO_MENTIONED_WITH,1.0
entity_checked,entity_chinese,CO_MENTIONED_WITH,1.0
entity_checked,entity_embedding,CO_MENTIONED_WITH,1.0
entity_checked,entity_exodus_privacy,CO_MENTIONED_WITH,1.0
entity_checked,entity_kyc,CO_MENTIONED_WITH,1.0
entity_checked,entity_netguard,CO_MENTIONED_WITH,1.0
entity_checked,entity_on_android,CO_MENTIONED_WITH,1.0
entity_checked,entity_pcapdroid,CO_MENTIONED_WITH,1.0
entity_checked,entity_pixel,CO_MENTIONED_WITH,1.0
entity_checked,entity_pulled,CO_MENTIONED_WITH,1.0
entity_checked,entity_sdks,CO_MENTIONED_WITH,1.0
entity_checked,entity_sensors_data,CO_MENTIONED_WITH,1.0
entity_checked,entity_tencent,CO_MENTIONED_WITH,1.0
entity_checked,entity_tencent_beacon,CO_MENTIONED_WITH,1.0
entity_checked,entity_the_binance_android,CO_MENTIONED_WITH,1.0
entity_checked,entity_tiktok,CO_MENTIONED_WITH,1.0
entity_checked,entity_was,CO_MENTIONED_WITH,1.0
entity_checked,entity_wechat,CO_MENTIONED_WITH,1.0
entity_chinese,entity_embedding,CO_MENTIONED_WITH,1.0
entity_chinese,entity_exodus_privacy,CO_MENTIONED_WITH,1.0
entity_chinese,entity_kyc,CO_MENTIONED_WITH,1.0
entity_chinese,entity_netguard,CO_MENTIONED_WITH,1.0
entity_chinese,entity_on_android,CO_MENTIONED_WITH,1.0
entity_chinese,entity_pcapdroid,CO_MENTIONED_WITH,1.0
entity_chinese,entity_pixel,CO_MENTIONED_WITH,1.0
entity_chinese,entity_pulled,CO_MENTIONED_WITH,1.0
entity_chinese,entity_sdks,CO_MENTIONED_WITH,1.0
entity_chinese,entity_sensors_data,CO_MENTIONED_WITH,1.0
entity_chinese,entity_tencent,CO_MENTIONED_WITH,1.0
entity_chinese,entity_tencent_beacon,CO_MENTIONED_WITH,1.0
entity_chinese,entity_the_binance_android,CO_MENTIONED_WITH,1.0
entity_chinese,entity_tiktok,CO_MENTIONED_WITH,1.0
entity_chinese,entity_was,CO_MENTIONED_WITH,1.0
entity_chinese,entity_wechat,CO_MENTIONED_WITH,1.0
entity_embedding,entity_exodus_privacy,CO_MENTIONED_WITH,1.0
entity_embedding,entity_kyc,CO_MENTIONED_WITH,1.0
entity_embedding,entity_netguard,CO_MENTIONED_WITH,1.0
entity_embedding,entity_on_android,CO_MENTIONED_WITH,1.0
entity_embedding,entity_pcapdroid,CO_MENTIONED_WITH,1.0
entity_embedding,entity_pixel,CO_MENTIONED_WITH,1.0
entity_embedding,entity_pulled,CO_MENTIONED_WITH,1.0
entity_embedding,entity_sdks,CO_MENTIONED_WITH,1.0
entity_embedding,entity_sensors_data,CO_MENTIONED_WITH,1.0
entity_embedding,entity_tencent,CO_MENTIONED_WITH,1.0
entity_embedding,entity_tencent_beacon,CO_MENTIONED_WITH,1.0
entity_embedding,entity_the_binance_android,CO_MENTIONED_WITH,1.0
entity_embedding,entity_tiktok,CO_MENTIONED_WITH,1.0
entity_embedding,entity_was,CO_MENTIONED_WITH,1.0
entity_embedding,entity_wechat,CO_MENTIONED_WITH,1.0
entity_exodus_privacy,entity_kyc,CO_MENTIONED_WITH,1.0
entity_exodus_privacy,entity_netguard,CO_MENTIONED_WITH,1.0
entity_exodus_privacy,entity_on_android,CO_MENTIONED_WITH,1.0
entity_exodus_privacy,entity_pcapdroid,CO_MENTIONED_WITH,1.0
entity_exodus_privacy,entity_pixel,CO_MENTIONED_WITH,1.0
entity_exodus_privacy,entity_pulled,CO_MENTIONED_WITH,1.0
entity_exodus_privacy,entity_sdks,CO_MENTIONED_WITH,1.0
entity_exodus_privacy,entity_sensors_data,CO_MENTIONED_WITH,1.0
entity_exodus_privacy,entity_tencent,CO_MENTIONED_WITH,1.0
entity_exodus_privacy,entity_tencent_beacon,CO_MENTIONED_WITH,1.0
entity_exodus_privacy,entity_the_binance_android,CO_MENTIONED_WITH,1.0
entity_exodus_privacy,entity_tiktok,CO_MENTIONED_WITH,1.0
entity_exodus_privacy,entity_was,CO_MENTIONED_WITH,1.0
entity_exodus_privacy,entity_wechat,CO_MENTIONED_WITH,1.0
entity_kyc,entity_netguard,CO_MENTIONED_WITH,1.0
entity_kyc,entity_on_android,CO_MENTIONED_WITH,1.0
entity_kyc,entity_pcapdroid,CO_MENTIONED_WITH,1.0
entity_kyc,entity_pixel,CO_MENTIONED_WITH,1.0
entity_kyc,entity_pulled,CO_MENTIONED_WITH,1.0
entity_kyc,entity_sdks,CO_MENTIONED_WITH,1.0
entity_kyc,entity_sensors_data,CO_MENTIONED_WITH,1.0
entity_kyc,entity_tencent,CO_MENTIONED_WITH,1.0
entity_kyc,entity_tencent_beacon,CO_MENTIONED_WITH,1.0
entity_kyc,entity_the_binance_android,CO_MENTIONED_WITH,1.0
entity_kyc,entity_tiktok,CO_MENTIONED_WITH,1.0
entity_kyc,entity_was,CO_MENTIONED_WITH,1.0
entity_kyc,entity_wechat,CO_MENTIONED_WITH,1.0
entity_netguard,entity_on_android,CO_MENTIONED_WITH,1.0
entity_netguard,entity_pcapdroid,CO_MENTIONED_WITH,1.0
entity_netguard,entity_pixel,CO_MENTIONED_WITH,1.0
entity_netguard,entity_pulled,CO_MENTIONED_WITH,1.0
entity_netguard,entity_sdks,CO_MENTIONED_WITH,1.0
entity_netguard,entity_sensors_data,CO_MENTIONED_WITH,1.0
entity_netguard,entity_tencent,CO_MENTIONED_WITH,1.0
entity_netguard,entity_tencent_beacon,CO_MENTIONED_WITH,1.0
entity_netguard,entity_the_binance_android,CO_MENTIONED_WITH,1.0
entity_netguard,entity_tiktok,CO_MENTIONED_WITH,1.0
entity_netguard,entity_was,CO_MENTIONED_WITH,1.0
entity_netguard,entity_wechat,CO_MENTIONED_WITH,1.0
entity_on_android,entity_pcapdroid,CO_MENTIONED_WITH,1.0
entity_on_android,entity_pixel,CO_MENTIONED_WITH,1.0
entity_on_android,entity_pulled,CO_MENTIONED_WITH,1.0
entity_on_android,entity_sdks,CO_MENTIONED_WITH,1.0
entity_on_android,entity_sensors_data,CO_MENTIONED_WITH,1.0
entity_on_android,entity_tencent,CO_MENTIONED_WITH,1.0
entity_on_android,entity_tencent_beacon,CO_MENTIONED_WITH,1.0
entity_on_android,entity_the_binance_android,CO_MENTIONED_WITH,1.0
entity_on_android,entity_tiktok,CO_MENTIONED_WITH,1.0
entity_on_android,entity_was,CO_MENTIONED_WITH,1.0
entity_on_android,entity_wechat,CO_MENTIONED_WITH,1.0
entity_pcapdroid,entity_pixel,CO_MENTIONED_WITH,1.0
entity_pcapdroid,entity_pulled,CO_MENTIONED_WITH,1.0
entity_pcapdroid,entity_sdks,CO_MENTIONED_WITH,1.0
entity_pcapdroid,entity_sensors_data,CO_MENTIONED_WITH,1.0
entity_pcapdroid,entity_tencent,CO_MENTIONED_WITH,1.0
entity_pcapdroid,entity_tencent_beacon,CO_MENTIONED_WITH,1.0
entity_pcapdroid,entity_the_binance_android,CO_MENTIONED_WITH,1.0
entity_pcapdroid,entity_tiktok,CO_MENTIONED_WITH,1.0
entity_pcapdroid,entity_was,CO_MENTIONED_WITH,1.0
entity_pcapdroid,entity_wechat,CO_MENTIONED_WITH,1.0
entity_pixel,entity_pulled,CO_MENTIONED_WITH,1.0
entity_pixel,entity_sdks,CO_MENTIONED_WITH,1.0
entity_pixel,entity_sensors_data,CO_MENTIONED_WITH,1.0
entity_pixel,entity_tencent,CO_MENTIONED_WITH,1.0
entity_pixel,entity_tencent_beacon,CO_MENTIONED_WITH,1.0
entity_pixel,entity_the_binance_android,CO_MENTIONED_WITH,1.0
entity_pixel,entity_tiktok,CO_MENTIONED_WITH,1.0
entity_pixel,entity_was,CO_MENTIONED_WITH,1.0
entity_pixel,entity_wechat,CO_MENTIONED_WITH,1.0
entity_pulled,entity_sdks,CO_MENTIONED_WITH,1.0
entity_pulled,entity_sensors_data,CO_MENTIONED_WITH,1.0
entity_pulled,entity_tencent,CO_MENTIONED_WITH,1.0
entity_pulled,entity_tencent_beacon,CO_MENTIONED_WITH,1.0
entity_pulled,entity_the_binance_android,CO_MENTIONED_WITH,1.0
entity_pulled,entity_tiktok,CO_MENTIONED_WITH,1.0
entity_pulled,entity_was,CO_MENTIONED_WITH,1.0
entity_pulled,entity_wechat,CO_MENTIONED_WITH,1.0
entity_sdks,entity_sensors_data,CO_MENTIONED_WITH,1.0
entity_sdks,entity_tencent,CO_MENTIONED_WITH,1.0
entity_sdks,entity_tencent_beacon,CO_MENTIONED_WITH,1.0
entity_sdks,entity_the_binance_android,CO_MENTIONED_WITH,1.0
entity_sdks,entity_tiktok,CO_MENTIONED_WITH,1.0
entity_sdks,entity_was,CO_MENTIONED_WITH,1.0
entity_sdks,entity_wechat,CO_MENTIONED_WITH,1.0
entity_sensors_data,entity_tencent,CO_MENTIONED_WITH,1.0
entity_sensors_data,entity_tencent_beacon,CO_MENTIONED_WITH,1.0
entity_sensors_data,entity_the_binance_android,CO_MENTIONED_WITH,1.0
entity_sensors_data,entity_tiktok,CO_MENTIONED_WITH,1.0
entity_sensors_data,entity_was,CO_MENTIONED_WITH,1.0
entity_sensors_data,entity_wechat,CO_MENTIONED_WITH,1.0
entity_tencent,entity_tencent_beacon,CO_MENTIONED_WITH,1.0
entity_tencent,entity_the_binance_android,CO_MENTIONED_WITH,1.0
entity_tencent,entity_tiktok,CO_MENTIONED_WITH,1.0
entity_tencent,entity_was,CO_MENTIONED_WITH,1.0
entity_tencent,entity_wechat,CO_MENTIONED_WITH,1.0
entity_tencent_beacon,entity_the_binance_android,CO_MENTIONED_WITH,1.0
entity_tencent_beacon,entity_tiktok,CO_MENTIONED_WITH,1.0
entity_tencent_beacon,entity_was,CO_MENTIONED_WITH,1.0
entity_tencent_beacon,entity_wechat,CO_MENTIONED_WITH,1.0
entity_the_binance_android,entity_tiktok,CO_MENTIONED_WITH,1.0
entity_the_binance_android,entity_was,CO_MENTIONED_WITH,1.0
entity_the_binance_android,entity_wechat,CO_MENTIONED_WITH,1.0
entity_tiktok,entity_was,CO_MENTIONED_WITH,1.0
entity_tiktok,entity_wechat,CO_MENTIONED_WITH,1.0
entity_was,entity_wechat,CO_MENTIONED_WITH,1.0
entity_apks,topic_security,BELONGS_TO,1.0
entity_ad_tech_sdks,topic_security,BELONGS_TO,1.0
entity_adjust,topic_security,BELONGS_TO,1.0
entity_android,topic_security,BELONGS_TO,1.0
entity_androidmanifest,topic_security,BELONGS_TO,1.0
entity_appxpose,topic_security,BELONGS_TO,1.0
entity_appsflyer,topic_security,BELONGS_TO,1.0
entity_binance,topic_security,BELONGS_TO,1.0
entity_binance_android_apk,topic_security,BELONGS_TO,1.0
entity_branch,topic_security,BELONGS_TO,1.0
entity_bytedance,topic_security,BELONGS_TO,1.0
entity_bytedance_applog,topic_security,BELONGS_TO,1.0
entity_checked,topic_security,BELONGS_TO,1.0
entity_chinese,topic_security,BELONGS_TO,1.0
entity_embedding,topic_security,BELONGS_TO,1.0
entity_exodus_privacy,topic_security,BELONGS_TO,1.0
entity_kyc,topic_security,BELONGS_TO,1.0
entity_netguard,topic_security,BELONGS_TO,1.0
entity_on_android,topic_security,BELONGS_TO,1.0
entity_pcapdroid,topic_security,BELONGS_TO,1.0
entity_pixel,topic_security,BELONGS_TO,1.0
entity_pulled,topic_security,BELONGS_TO,1.0
entity_sdks,topic_security,BELONGS_TO,1.0
entity_sensors_data,topic_security,BELONGS_TO,1.0
entity_tencent,topic_security,BELONGS_TO,1.0
entity_tencent_beacon,topic_security,BELONGS_TO,1.0
entity_the_binance_android,topic_security,BELONGS_TO,1.0
entity_tiktok,topic_security,BELONGS_TO,1.0
entity_was,topic_security,BELONGS_TO,1.0
entity_wechat,topic_security,BELONGS_TO,1.0
post_1ti9jxr,entity_leveraged_ether_etfs,MENTIONS,1.0
post_1ti9jxr,entity_south_korean_funeral_company_faces,MENTIONS,1.0
post_1ti9jxr,entity_unrealized_loss,MENTIONS,1.0
entity_leveraged_ether_etfs,entity_south_korean_funeral_company_faces,CO_MENTIONED_WITH,1.0
entity_leveraged_ether_etfs,entity_unrealized_loss,CO_MENTIONED_WITH,1.0
entity_south_korean_funeral_company_faces,entity_unrealized_loss,CO_MENTIONED_WITH,1.0
entity_leveraged_ether_etfs,topic_web3_general,BELONGS_TO,1.0
entity_south_korean_funeral_company_faces,topic_web3_general,BELONGS_TO,1.0
entity_unrealized_loss,topic_web3_general,BELONGS_TO,1.0
post_1tiobrs,entity_fed,MENTIONS,1.0
post_1tiobrs,entity_trump,MENTIONS,1.0
entity_fed,entity_trump,CO_MENTIONED_WITH,1.0
entity_fed,topic_web3_general,BELONGS_TO,1.0
entity_trump,topic_web3_general,BELONGS_TO,1.0
post_1ticclj,entity_everyone,MENTIONS,1.0
post_1ticclj,entity_has_crypto_changed_your_mindset_too,MENTIONS,1.0
entity_everyone,entity_has_crypto_changed_your_mindset_too,CO_MENTIONED_WITH,1.0
entity_everyone,topic_web3_general,BELONGS_TO,1.0
entity_has_crypto_changed_your_mindset_too,topic_web3_general,BELONGS_TO,1.0
post_1tixv96,entity_bitmine_ethereum_etf,MENTIONS,1.0
post_1tixv96,entity_ethereum,MENTIONS,1.0
post_1tixv96,entity_million,MENTIONS,1.0
post_1tixv96,entity_south_korean_funeral_firm_loses,MENTIONS,1.0
entity_bitmine_ethereum_etf,entity_ethereum,CO_MENTIONED_WITH,1.0
entity_bitmine_ethereum_etf,entity_million,CO_MENTIONED_WITH,1.0
entity_bitmine_ethereum_etf,entity_south_korean_funeral_firm_loses,CO_MENTIONED_WITH,1.0
entity_ethereum,entity_million,CO_MENTIONED_WITH,1.0
entity_ethereum,entity_south_korean_funeral_firm_loses,CO_MENTIONED_WITH,1.0
entity_million,entity_south_korean_funeral_firm_loses,CO_MENTIONED_WITH,1.0
entity_bitmine_ethereum_etf,topic_institutional_crypto,BELONGS_TO,1.0
entity_ethereum,topic_institutional_crypto,BELONGS_TO,1.0
entity_million,topic_institutional_crypto,BELONGS_TO,1.0
entity_south_korean_funeral_firm_loses,topic_institutional_crypto,BELONGS_TO,1.0
post_1tierht,entity_github_internal_repositories_breached,MENTIONS,1.0
post_1tierht,entity_vs_code_extension,MENTIONS,1.0
entity_github_internal_repositories_breached,entity_vs_code_extension,CO_MENTIONED_WITH,1.0
entity_github_internal_repositories_breached,topic_web3_general,BELONGS_TO,1.0
entity_vs_code_extension,topic_web3_general,BELONGS_TO,1.0
post_1tij7i1,entity_apr,MENTIONS,1.0
post_1tij7i1,entity_aave,MENTIONS,1.0
post_1tij7i1,entity_see,MENTIONS,1.0
post_1tij7i1,entity_usdc,MENTIONS,1.0
entity_aave,entity_apr,CO_MENTIONED_WITH,1.0
entity_aave,entity_see,CO_MENTIONED_WITH,1.0
entity_aave,entity_usdc,CO_MENTIONED_WITH,2.0
entity_apr,entity_see,CO_MENTIONED_WITH,1.0
entity_apr,entity_usdc,CO_MENTIONED_WITH,1.0
entity_see,entity_usdc,CO_MENTIONED_WITH,1.0
entity_apr,topic_defi,BELONGS_TO,1.0
entity_aave,topic_defi,BELONGS_TO,5.0
entity_see,topic_defi,BELONGS_TO,1.0
entity_usdc,topic_defi,BELONGS_TO,3.0
entity_apr,topic_stablecoins,BELONGS_TO,1.0
entity_aave,topic_stablecoins,BELONGS_TO,3.0
entity_see,topic_stablecoins,BELONGS_TO,1.0
entity_usdc,topic_stablecoins,BELONGS_TO,6.0
post_1tiore1,entity_defi,MENTIONS,1.0
post_1tiore1,entity_every,MENTIONS,1.0
post_1tiore1,entity_seasons,MENTIONS,1.0
post_1tiore1,entity_solana,MENTIONS,1.0
post_1tiore1,entity_the_apy,MENTIONS,1.0
entity_defi,entity_every,CO_MENTIONED_WITH,1.0
entity_defi,entity_seasons,CO_MENTIONED_WITH,1.0
entity_defi,entity_solana,CO_MENTIONED_WITH,3.0
entity_defi,entity_the_apy,CO_MENTIONED_WITH,1.0
entity_every,entity_seasons,CO_MENTIONED_WITH,1.0
entity_every,entity_solana,CO_MENTIONED_WITH,2.0
entity_every,entity_the_apy,CO_MENTIONED_WITH,1.0
entity_seasons,entity_solana,CO_MENTIONED_WITH,1.0
entity_seasons,entity_the_apy,CO_MENTIONED_WITH,1.0
entity_solana,entity_the_apy,CO_MENTIONED_WITH,1.0
entity_defi,topic_defi,BELONGS_TO,10.0
entity_every,topic_defi,BELONGS_TO,2.0
entity_seasons,topic_defi,BELONGS_TO,1.0
entity_solana,topic_defi,BELONGS_TO,5.0
entity_the_apy,topic_defi,BELONGS_TO,1.0
entity_defi,topic_layer2_scaling,BELONGS_TO,2.0
entity_every,topic_layer2_scaling,BELONGS_TO,2.0
entity_seasons,topic_layer2_scaling,BELONGS_TO,1.0
entity_solana,topic_layer2_scaling,BELONGS_TO,2.0
entity_the_apy,topic_layer2_scaling,BELONGS_TO,1.0
post_1tiwfq6,entity_active,MENTIONS,1.0
post_1tiwfq6,entity_bitcoin,MENTIONS,1.0
post_1tiwfq6,entity_hard,MENTIONS,1.0
post_1tiwfq6,entity_then,MENTIONS,1.0
entity_active,entity_bitcoin,CO_MENTIONED_WITH,1.0
entity_active,entity_hard,CO_MENTIONED_WITH,1.0
entity_active,entity_then,CO_MENTIONED_WITH,1.0
entity_bitcoin,entity_hard,CO_MENTIONED_WITH,1.0
entity_bitcoin,entity_then,CO_MENTIONED_WITH,1.0
entity_hard,entity_then,CO_MENTIONED_WITH,1.0
entity_active,topic_web3_general,BELONGS_TO,1.0
entity_hard,topic_web3_general,BELONGS_TO,1.0
entity_then,topic_web3_general,BELONGS_TO,1.0
post_1tiigu5,entity_levels_again,MENTIONS,1.0
post_1tiigu5,entity_rwa_market_cap_nears_october,MENTIONS,1.0
entity_levels_again,entity_rwa_market_cap_nears_october,CO_MENTIONED_WITH,1.0
entity_levels_again,topic_web3_general,BELONGS_TO,1.0
entity_rwa_market_cap_nears_october,topic_web3_general,BELONGS_TO,1.0
post_1tj35cx,entity_dice,MENTIONS,1.0
post_1tj35cx,entity_una,MENTIONS,1.0
entity_dice,entity_una,CO_MENTIONED_WITH,1.0
entity_dice,topic_web3_general,BELONGS_TO,1.0
entity_una,topic_web3_general,BELONGS_TO,1.0
post_1t7exp6,entity_erc_1155,MENTIONS,1.0
post_1t7exp6,entity_erc_721,MENTIONS,1.0
post_1t7exp6,entity_nft,MENTIONS,1.0
post_1t7exp6,entity_should_nft_projects_own_their_own_marketplace,MENTIONS,1.0
post_1t7exp6,entity_wordpress_based,MENTIONS,1.0
entity_erc_1155,entity_erc_721,CO_MENTIONED_WITH,1.0
entity_erc_1155,entity_nft,CO_MENTIONED_WITH,1.0
entity_erc_1155,entity_should_nft_projects_own_their_own_marketplace,CO_MENTIONED_WITH,1.0
entity_erc_1155,entity_wordpress_based,CO_MENTIONED_WITH,1.0
entity_erc_721,entity_nft,CO_MENTIONED_WITH,1.0
entity_erc_721,entity_should_nft_projects_own_their_own_marketplace,CO_MENTIONED_WITH,1.0
entity_erc_721,entity_wordpress_based,CO_MENTIONED_WITH,1.0
entity_nft,entity_should_nft_projects_own_their_own_marketplace,CO_MENTIONED_WITH,1.0
entity_nft,entity_wordpress_based,CO_MENTIONED_WITH,1.0
entity_should_nft_projects_own_their_own_marketplace,entity_wordpress_based,CO_MENTIONED_WITH,1.0
entity_erc_1155,topic_nft_and_gaming,BELONGS_TO,1.0
entity_erc_721,topic_nft_and_gaming,BELONGS_TO,1.0
entity_nft,topic_nft_and_gaming,BELONGS_TO,13.0
entity_should_nft_projects_own_their_own_marketplace,topic_nft_and_gaming,BELONGS_TO,1.0
entity_wordpress_based,topic_nft_and_gaming,BELONGS_TO,1.0
post_1t25fvx,entity_built,MENTIONS,1.0
post_1t25fvx,entity_green_lion,MENTIONS,1.0
post_1t25fvx,entity_let,MENTIONS,1.0
post_1t25fvx,entity_nft,MENTIONS,1.0
post_1t25fvx,entity_opensea,MENTIONS,1.0
post_1t25fvx,entity_perspective,MENTIONS,1.0
post_1t25fvx,entity_power,MENTIONS,1.0
entity_built,entity_green_lion,CO_MENTIONED_WITH,1.0
entity_built,entity_let,CO_MENTIONED_WITH,1.0
entity_built,entity_nft,CO_MENTIONED_WITH,1.0
entity_built,entity_opensea,CO_MENTIONED_WITH,1.0
entity_built,entity_perspective,CO_MENTIONED_WITH,1.0
entity_built,entity_power,CO_MENTIONED_WITH,1.0
entity_green_lion,entity_let,CO_MENTIONED_WITH,1.0
entity_green_lion,entity_nft,CO_MENTIONED_WITH,1.0
entity_green_lion,entity_opensea,CO_MENTIONED_WITH,1.0
entity_green_lion,entity_perspective,CO_MENTIONED_WITH,1.0
entity_green_lion,entity_power,CO_MENTIONED_WITH,1.0
entity_let,entity_nft,CO_MENTIONED_WITH,1.0
entity_let,entity_opensea,CO_MENTIONED_WITH,1.0
entity_let,entity_perspective,CO_MENTIONED_WITH,1.0
entity_let,entity_power,CO_MENTIONED_WITH,1.0
entity_nft,entity_opensea,CO_MENTIONED_WITH,2.0
entity_nft,entity_perspective,CO_MENTIONED_WITH,1.0
entity_nft,entity_power,CO_MENTIONED_WITH,1.0
entity_opensea,entity_perspective,CO_MENTIONED_WITH,1.0
entity_opensea,entity_power,CO_MENTIONED_WITH,1.0
entity_perspective,entity_power,CO_MENTIONED_WITH,1.0
entity_built,topic_nft_and_gaming,BELONGS_TO,1.0
entity_green_lion,topic_nft_and_gaming,BELONGS_TO,1.0
entity_let,topic_nft_and_gaming,BELONGS_TO,1.0
entity_opensea,topic_nft_and_gaming,BELONGS_TO,2.0
entity_perspective,topic_nft_and_gaming,BELONGS_TO,1.0
entity_power,topic_nft_and_gaming,BELONGS_TO,1.0
post_1tgzlnx,entity_apparently,MENTIONS,1.0
post_1tgzlnx,entity_nft,MENTIONS,1.0
entity_apparently,entity_nft,CO_MENTIONED_WITH,1.0
entity_apparently,topic_nft_and_gaming,BELONGS_TO,1.0
post_1tejdao,entity_nft,MENTIONS,1.0
post_1tejdao,entity_why_nft,MENTIONS,1.0
entity_nft,entity_why_nft,CO_MENTIONED_WITH,1.0
entity_why_nft,topic_nft_and_gaming,BELONGS_TO,1.0
post_1tdb3jo,entity_did_nft,MENTIONS,1.0
post_1tdb3jo,entity_nft,MENTIONS,1.0
post_1tdb3jo,entity_still,MENTIONS,1.0
entity_did_nft,entity_nft,CO_MENTIONED_WITH,1.0
entity_did_nft,entity_still,CO_MENTIONED_WITH,1.0
entity_nft,entity_still,CO_MENTIONED_WITH,1.0
entity_did_nft,topic_nft_and_gaming,BELONGS_TO,1.0
entity_still,topic_nft_and_gaming,BELONGS_TO,1.0
post_1tc603b,entity_each,MENTIONS,1.0
post_1tc603b,entity_nft,MENTIONS,1.0
post_1tc603b,entity_physical,MENTIONS,1.0
post_1tc603b,entity_the_nft,MENTIONS,1.0
entity_each,entity_nft,CO_MENTIONED_WITH,1.0
entity_each,entity_physical,CO_MENTIONED_WITH,1.0
entity_each,entity_the_nft,CO_MENTIONED_WITH,1.0
entity_nft,entity_physical,CO_MENTIONED_WITH,1.0
entity_nft,entity_the_nft,CO_MENTIONED_WITH,1.0
entity_physical,entity_the_nft,CO_MENTIONED_WITH,1.0
entity_each,topic_nft_and_gaming,BELONGS_TO,1.0
entity_physical,topic_nft_and_gaming,BELONGS_TO,1.0
entity_the_nft,topic_nft_and_gaming,BELONGS_TO,1.0
post_1tbuia9,entity_did,MENTIONS,1.0
post_1tbuia9,entity_nft,MENTIONS,1.0
post_1tbuia9,entity_nfts,MENTIONS,1.0
post_1tbuia9,entity_want,MENTIONS,1.0
entity_did,entity_nft,CO_MENTIONED_WITH,1.0
entity_did,entity_nfts,CO_MENTIONED_WITH,1.0
entity_did,entity_want,CO_MENTIONED_WITH,1.0
entity_nft,entity_nfts,CO_MENTIONED_WITH,3.0
entity_nft,entity_want,CO_MENTIONED_WITH,1.0
entity_nfts,entity_want,CO_MENTIONED_WITH,1.0
entity_did,topic_nft_and_gaming,BELONGS_TO,1.0
entity_nfts,topic_nft_and_gaming,BELONGS_TO,3.0
entity_want,topic_nft_and_gaming,BELONGS_TO,1.0
post_1tbw9yn,entity_elon,MENTIONS,1.0
post_1tbw9yn,entity_pure,MENTIONS,1.0
post_1tbw9yn,entity_smoking_on_mars,MENTIONS,1.0
entity_elon,entity_pure,CO_MENTIONED_WITH,1.0
entity_elon,entity_smoking_on_mars,CO_MENTIONED_WITH,1.0
entity_pure,entity_smoking_on_mars,CO_MENTIONED_WITH,1.0
entity_elon,topic_web3_general,BELONGS_TO,1.0
entity_pure,topic_web3_general,BELONGS_TO,1.0
entity_smoking_on_mars,topic_web3_general,BELONGS_TO,1.0
post_1t95jpi,entity_first,MENTIONS,1.0
post_1t95jpi,entity_telegram_stars,MENTIONS,1.0
entity_first,entity_telegram_stars,CO_MENTIONED_WITH,1.0
entity_first,topic_web3_general,BELONGS_TO,1.0
entity_telegram_stars,topic_web3_general,BELONGS_TO,1.0
post_1t7tmeo,entity_evolving_apes,MENTIONS,1.0
post_1t7tmeo,entity_evolving_artwork,MENTIONS,1.0
post_1t7tmeo,entity_jpeg,MENTIONS,1.0
post_1t7tmeo,entity_just_hype,MENTIONS,1.0
post_1t7tmeo,entity_nft,MENTIONS,1.0
post_1t7tmeo,entity_nfts,MENTIONS,1.0
post_1t7tmeo,entity_pfps,MENTIONS,1.0
post_1t7tmeo,entity_the_next_level,MENTIONS,1.0
post_1t7tmeo,entity_think_chromie_squiggles,MENTIONS,1.0
post_1t7tmeo,entity_timepieces,MENTIONS,1.0
entity_evolving_apes,entity_evolving_artwork,CO_MENTIONED_WITH,1.0
entity_evolving_apes,entity_jpeg,CO_MENTIONED_WITH,1.0
entity_evolving_apes,entity_just_hype,CO_MENTIONED_WITH,1.0
entity_evolving_apes,entity_nft,CO_MENTIONED_WITH,1.0
entity_evolving_apes,entity_nfts,CO_MENTIONED_WITH,1.0
entity_evolving_apes,entity_pfps,CO_MENTIONED_WITH,1.0
entity_evolving_apes,entity_the_next_level,CO_MENTIONED_WITH,1.0
entity_evolving_apes,entity_think_chromie_squiggles,CO_MENTIONED_WITH,1.0
entity_evolving_apes,entity_timepieces,CO_MENTIONED_WITH,1.0
entity_evolving_artwork,entity_jpeg,CO_MENTIONED_WITH,1.0
entity_evolving_artwork,entity_just_hype,CO_MENTIONED_WITH,1.0
entity_evolving_artwork,entity_nft,CO_MENTIONED_WITH,1.0
entity_evolving_artwork,entity_nfts,CO_MENTIONED_WITH,1.0
entity_evolving_artwork,entity_pfps,CO_MENTIONED_WITH,1.0
entity_evolving_artwork,entity_the_next_level,CO_MENTIONED_WITH,1.0
entity_evolving_artwork,entity_think_chromie_squiggles,CO_MENTIONED_WITH,1.0
entity_evolving_artwork,entity_timepieces,CO_MENTIONED_WITH,1.0
entity_jpeg,entity_just_hype,CO_MENTIONED_WITH,1.0
entity_jpeg,entity_nft,CO_MENTIONED_WITH,1.0
entity_jpeg,entity_nfts,CO_MENTIONED_WITH,2.0
entity_jpeg,entity_pfps,CO_MENTIONED_WITH,1.0
entity_jpeg,entity_the_next_level,CO_MENTIONED_WITH,1.0
entity_jpeg,entity_think_chromie_squiggles,CO_MENTIONED_WITH,1.0
entity_jpeg,entity_timepieces,CO_MENTIONED_WITH,1.0
entity_just_hype,entity_nft,CO_MENTIONED_WITH,1.0
entity_just_hype,entity_nfts,CO_MENTIONED_WITH,1.0
entity_just_hype,entity_pfps,CO_MENTIONED_WITH,1.0
entity_just_hype,entity_the_next_level,CO_MENTIONED_WITH,1.0
entity_just_hype,entity_think_chromie_squiggles,CO_MENTIONED_WITH,1.0
entity_just_hype,entity_timepieces,CO_MENTIONED_WITH,1.0
entity_nft,entity_pfps,CO_MENTIONED_WITH,1.0
entity_nft,entity_the_next_level,CO_MENTIONED_WITH,1.0
entity_nft,entity_think_chromie_squiggles,CO_MENTIONED_WITH,1.0
entity_nft,entity_timepieces,CO_MENTIONED_WITH,1.0
entity_nfts,entity_pfps,CO_MENTIONED_WITH,1.0
entity_nfts,entity_the_next_level,CO_MENTIONED_WITH,1.0
entity_nfts,entity_think_chromie_squiggles,CO_MENTIONED_WITH,1.0
entity_nfts,entity_timepieces,CO_MENTIONED_WITH,1.0
entity_pfps,entity_the_next_level,CO_MENTIONED_WITH,1.0
entity_pfps,entity_think_chromie_squiggles,CO_MENTIONED_WITH,1.0
entity_pfps,entity_timepieces,CO_MENTIONED_WITH,1.0
entity_the_next_level,entity_think_chromie_squiggles,CO_MENTIONED_WITH,1.0
entity_the_next_level,entity_timepieces,CO_MENTIONED_WITH,1.0
entity_think_chromie_squiggles,entity_timepieces,CO_MENTIONED_WITH,1.0
entity_evolving_apes,topic_governance,BELONGS_TO,1.0
entity_evolving_artwork,topic_governance,BELONGS_TO,1.0
entity_jpeg,topic_governance,BELONGS_TO,1.0
entity_just_hype,topic_governance,BELONGS_TO,1.0
entity_nft,topic_governance,BELONGS_TO,1.0
entity_nfts,topic_governance,BELONGS_TO,1.0
entity_pfps,topic_governance,BELONGS_TO,1.0
entity_the_next_level,topic_governance,BELONGS_TO,1.0
entity_think_chromie_squiggles,topic_governance,BELONGS_TO,1.0
entity_timepieces,topic_governance,BELONGS_TO,1.0
entity_evolving_apes,topic_security,BELONGS_TO,1.0
entity_evolving_artwork,topic_security,BELONGS_TO,1.0
entity_jpeg,topic_security,BELONGS_TO,1.0
entity_just_hype,topic_security,BELONGS_TO,1.0
entity_nft,topic_security,BELONGS_TO,1.0
entity_nfts,topic_security,BELONGS_TO,1.0
entity_pfps,topic_security,BELONGS_TO,1.0
entity_the_next_level,topic_security,BELONGS_TO,1.0
entity_think_chromie_squiggles,topic_security,BELONGS_TO,1.0
entity_timepieces,topic_security,BELONGS_TO,1.0
entity_evolving_apes,topic_nft_and_gaming,BELONGS_TO,1.0
entity_evolving_artwork,topic_nft_and_gaming,BELONGS_TO,1.0
entity_jpeg,topic_nft_and_gaming,BELONGS_TO,2.0
entity_just_hype,topic_nft_and_gaming,BELONGS_TO,1.0
entity_pfps,topic_nft_and_gaming,BELONGS_TO,1.0
entity_the_next_level,topic_nft_and_gaming,BELONGS_TO,1.0
entity_think_chromie_squiggles,topic_nft_and_gaming,BELONGS_TO,1.0
entity_timepieces,topic_nft_and_gaming,BELONGS_TO,1.0
post_1t5paav,entity_this_nfts,MENTIONS,1.0
post_1t5paav,entity_void_vessel,MENTIONS,1.0
entity_this_nfts,entity_void_vessel,CO_MENTIONED_WITH,1.0
entity_this_nfts,topic_web3_general,BELONGS_TO,1.0
entity_void_vessel,topic_web3_general,BELONGS_TO,1.0
post_1t59mq9,entity_are_nfts,MENTIONS,1.0
post_1t59mq9,entity_back,MENTIONS,1.0
post_1t59mq9,entity_curious,MENTIONS,1.0
post_1t59mq9,entity_nft,MENTIONS,1.0
post_1t59mq9,entity_nft_related,MENTIONS,1.0
post_1t59mq9,entity_nfts,MENTIONS,1.0
entity_are_nfts,entity_back,CO_MENTIONED_WITH,1.0
entity_are_nfts,entity_curious,CO_MENTIONED_WITH,1.0
entity_are_nfts,entity_nft,CO_MENTIONED_WITH,1.0
entity_are_nfts,entity_nft_related,CO_MENTIONED_WITH,1.0
entity_are_nfts,entity_nfts,CO_MENTIONED_WITH,1.0
entity_back,entity_curious,CO_MENTIONED_WITH,1.0
entity_back,entity_nft,CO_MENTIONED_WITH,1.0
entity_back,entity_nft_related,CO_MENTIONED_WITH,1.0
entity_back,entity_nfts,CO_MENTIONED_WITH,1.0
entity_curious,entity_nft,CO_MENTIONED_WITH,1.0
entity_curious,entity_nft_related,CO_MENTIONED_WITH,1.0
entity_curious,entity_nfts,CO_MENTIONED_WITH,1.0
entity_nft,entity_nft_related,CO_MENTIONED_WITH,1.0
entity_nft_related,entity_nfts,CO_MENTIONED_WITH,1.0
entity_are_nfts,topic_web3_general,BELONGS_TO,1.0
entity_back,topic_web3_general,BELONGS_TO,1.0
entity_curious,topic_web3_general,BELONGS_TO,1.0
entity_nft,topic_web3_general,BELONGS_TO,1.0
entity_nft_related,topic_web3_general,BELONGS_TO,1.0
entity_nfts,topic_web3_general,BELONGS_TO,1.0
post_1t3wvdt,entity_more,MENTIONS,1.0
post_1t3wvdt,entity_nft,MENTIONS,1.0
post_1t3wvdt,entity_opensea,MENTIONS,1.0
entity_more,entity_nft,CO_MENTIONED_WITH,1.0
entity_more,entity_opensea,CO_MENTIONED_WITH,1.0
entity_more,topic_nft_and_gaming,BELONGS_TO,1.0
post_1t3fmv0,entity_lit,MENTIONS,1.0
post_1t3fmv0,entity_megaone,MENTIONS,1.0
post_1t3fmv0,entity_megaone_supertars_introducing,MENTIONS,1.0
post_1t3fmv0,entity_opensea,MENTIONS,1.0
post_1t3fmv0,entity_unique,MENTIONS,1.0
entity_lit,entity_megaone,CO_MENTIONED_WITH,1.0
entity_lit,entity_megaone_supertars_introducing,CO_MENTIONED_WITH,1.0
entity_lit,entity_opensea,CO_MENTIONED_WITH,1.0
entity_lit,entity_unique,CO_MENTIONED_WITH,1.0
entity_megaone,entity_megaone_supertars_introducing,CO_MENTIONED_WITH,1.0
entity_megaone,entity_opensea,CO_MENTIONED_WITH,1.0
entity_megaone,entity_unique,CO_MENTIONED_WITH,1.0
entity_megaone_supertars_introducing,entity_opensea,CO_MENTIONED_WITH,1.0
entity_megaone_supertars_introducing,entity_unique,CO_MENTIONED_WITH,1.0
entity_opensea,entity_unique,CO_MENTIONED_WITH,1.0
entity_lit,topic_web3_general,BELONGS_TO,1.0
entity_megaone,topic_web3_general,BELONGS_TO,1.0
entity_megaone_supertars_introducing,topic_web3_general,BELONGS_TO,1.0
entity_opensea,topic_web3_general,BELONGS_TO,1.0
entity_unique,topic_web3_general,BELONGS_TO,1.0
post_1sztep5,entity_nft,MENTIONS,1.0
post_1sztep5,entity_nft_hello,MENTIONS,1.0
post_1sztep5,entity_survey,MENTIONS,1.0
post_1sztep5,entity_thnks,MENTIONS,1.0
entity_nft,entity_nft_hello,CO_MENTIONED_WITH,1.0
entity_nft,entity_survey,CO_MENTIONED_WITH,1.0
entity_nft,entity_thnks,CO_MENTIONED_WITH,1.0
entity_nft_hello,entity_survey,CO_MENTIONED_WITH,1.0
entity_nft_hello,entity_thnks,CO_MENTIONED_WITH,1.0
entity_survey,entity_thnks,CO_MENTIONED_WITH,1.0
entity_nft_hello,topic_nft_and_gaming,BELONGS_TO,1.0
entity_survey,topic_nft_and_gaming,BELONGS_TO,1.0
entity_thnks,topic_nft_and_gaming,BELONGS_TO,1.0
post_1tidf9m,entity_btc,MENTIONS,1.0
post_1tidf9m,entity_decent,MENTIONS,1.0
post_1tidf9m,entity_monero,MENTIONS,1.0
post_1tidf9m,entity_trying,MENTIONS,1.0
post_1tidf9m,entity_usdc,MENTIONS,1.0
post_1tidf9m,entity_xmr,MENTIONS,1.0
entity_btc,entity_decent,CO_MENTIONED_WITH,1.0
entity_btc,entity_monero,CO_MENTIONED_WITH,1.0
entity_btc,entity_trying,CO_MENTIONED_WITH,1.0
entity_btc,entity_usdc,CO_MENTIONED_WITH,1.0
entity_btc,entity_xmr,CO_MENTIONED_WITH,1.0
entity_decent,entity_monero,CO_MENTIONED_WITH,1.0
entity_decent,entity_trying,CO_MENTIONED_WITH,1.0
entity_decent,entity_usdc,CO_MENTIONED_WITH,1.0
entity_decent,entity_xmr,CO_MENTIONED_WITH,1.0
entity_monero,entity_trying,CO_MENTIONED_WITH,1.0
entity_monero,entity_usdc,CO_MENTIONED_WITH,1.0
entity_monero,entity_xmr,CO_MENTIONED_WITH,1.0
entity_trying,entity_usdc,CO_MENTIONED_WITH,1.0
entity_trying,entity_xmr,CO_MENTIONED_WITH,1.0
entity_usdc,entity_xmr,CO_MENTIONED_WITH,1.0
entity_decent,topic_stablecoins,BELONGS_TO,1.0
entity_monero,topic_stablecoins,BELONGS_TO,1.0
entity_trying,topic_stablecoins,BELONGS_TO,1.0
entity_xmr,topic_stablecoins,BELONGS_TO,1.0
post_1tidqus,entity_btc,MENTIONS,1.0
post_1tidqus,entity_dex,MENTIONS,1.0
post_1tidqus,entity_every_dex,MENTIONS,1.0
entity_btc,entity_dex,CO_MENTIONED_WITH,1.0
entity_btc,entity_every_dex,CO_MENTIONED_WITH,1.0
entity_dex,entity_every_dex,CO_MENTIONED_WITH,1.0
entity_dex,topic_security,BELONGS_TO,1.0
entity_every_dex,topic_security,BELONGS_TO,1.0
post_1tidzsg,entity_best,MENTIONS,1.0
post_1tidzsg,entity_cheapest,MENTIONS,1.0
post_1tidzsg,entity_ethereum,MENTIONS,1.0
post_1tidzsg,entity_solana,MENTIONS,1.0
post_1tidzsg,entity_tried,MENTIONS,1.0
post_1tidzsg,entity_usdc,MENTIONS,1.0
entity_best,entity_cheapest,CO_MENTIONED_WITH,1.0
entity_best,entity_ethereum,CO_MENTIONED_WITH,1.0
entity_best,entity_solana,CO_MENTIONED_WITH,1.0
entity_best,entity_tried,CO_MENTIONED_WITH,1.0
entity_best,entity_usdc,CO_MENTIONED_WITH,1.0
entity_cheapest,entity_ethereum,CO_MENTIONED_WITH,1.0
entity_cheapest,entity_solana,CO_MENTIONED_WITH,1.0
entity_cheapest,entity_tried,CO_MENTIONED_WITH,1.0
entity_cheapest,entity_usdc,CO_MENTIONED_WITH,1.0
entity_ethereum,entity_solana,CO_MENTIONED_WITH,1.0
entity_ethereum,entity_tried,CO_MENTIONED_WITH,1.0
entity_ethereum,entity_usdc,CO_MENTIONED_WITH,1.0
entity_solana,entity_tried,CO_MENTIONED_WITH,1.0
entity_solana,entity_usdc,CO_MENTIONED_WITH,1.0
entity_tried,entity_usdc,CO_MENTIONED_WITH,2.0
entity_best,topic_cross_chain,BELONGS_TO,1.0
entity_cheapest,topic_cross_chain,BELONGS_TO,1.0
entity_ethereum,topic_cross_chain,BELONGS_TO,2.0
entity_solana,topic_cross_chain,BELONGS_TO,1.0
entity_tried,topic_cross_chain,BELONGS_TO,1.0
entity_usdc,topic_cross_chain,BELONGS_TO,1.0
entity_best,topic_stablecoins,BELONGS_TO,1.0
entity_cheapest,topic_stablecoins,BELONGS_TO,1.0
entity_ethereum,topic_stablecoins,BELONGS_TO,1.0
entity_solana,topic_stablecoins,BELONGS_TO,2.0
entity_tried,topic_stablecoins,BELONGS_TO,2.0
post_1tie6f6,entity_kyc,MENTIONS,1.0
post_1tie6f6,entity_monero_xmr,MENTIONS,1.0
post_1tie6f6,entity_xmr,MENTIONS,1.0
post_1tie6f6,entity_zec,MENTIONS,1.0
post_1tie6f6,entity_zcash_zec,MENTIONS,1.0
entity_kyc,entity_monero_xmr,CO_MENTIONED_WITH,1.0
entity_kyc,entity_xmr,CO_MENTIONED_WITH,1.0
entity_kyc,entity_zcash_zec,CO_MENTIONED_WITH,1.0
entity_kyc,entity_zec,CO_MENTIONED_WITH,1.0
entity_monero_xmr,entity_xmr,CO_MENTIONED_WITH,1.0
entity_monero_xmr,entity_zcash_zec,CO_MENTIONED_WITH,1.0
entity_monero_xmr,entity_zec,CO_MENTIONED_WITH,1.0
entity_xmr,entity_zcash_zec,CO_MENTIONED_WITH,1.0
entity_xmr,entity_zec,CO_MENTIONED_WITH,1.0
entity_zcash_zec,entity_zec,CO_MENTIONED_WITH,1.0
entity_kyc,topic_layer2_scaling,BELONGS_TO,1.0
entity_monero_xmr,topic_layer2_scaling,BELONGS_TO,1.0
entity_xmr,topic_layer2_scaling,BELONGS_TO,1.0
entity_zec,topic_layer2_scaling,BELONGS_TO,1.0
entity_zcash_zec,topic_layer2_scaling,BELONGS_TO,1.0
post_1tifosy,entity_best_solana,MENTIONS,1.0
post_1tifosy,entity_defi,MENTIONS,1.0
post_1tifosy,entity_phantom,MENTIONS,1.0
post_1tifosy,entity_solana,MENTIONS,1.0
entity_best_solana,entity_defi,CO_MENTIONED_WITH,1.0
entity_best_solana,entity_phantom,CO_MENTIONED_WITH,1.0
entity_best_solana,entity_solana,CO_MENTIONED_WITH,1.0
entity_defi,entity_phantom,CO_MENTIONED_WITH,1.0
entity_phantom,entity_solana,CO_MENTIONED_WITH,2.0
entity_best_solana,topic_defi,BELONGS_TO,1.0
entity_phantom,topic_defi,BELONGS_TO,1.0
entity_best_solana,topic_security,BELONGS_TO,1.0
entity_defi,topic_security,BELONGS_TO,5.0
entity_phantom,topic_security,BELONGS_TO,2.0
entity_solana,topic_security,BELONGS_TO,2.0
post_1tign1k,entity_best,MENTIONS,1.0
post_1tign1k,entity_eth,MENTIONS,1.0
post_1tign1k,entity_uniswap,MENTIONS,1.0
entity_best,entity_eth,CO_MENTIONED_WITH,1.0
entity_best,entity_uniswap,CO_MENTIONED_WITH,1.0
entity_eth,entity_uniswap,CO_MENTIONED_WITH,1.0
entity_best,topic_web3_general,BELONGS_TO,1.0
entity_eth,topic_web3_general,BELONGS_TO,1.0
entity_uniswap,topic_web3_general,BELONGS_TO,1.0
post_1titoja,entity_defi,MENTIONS,1.0
post_1titoja,entity_ethereum,MENTIONS,1.0
post_1titoja,entity_ethereum_foundation,MENTIONS,1.0
post_1titoja,entity_feels,MENTIONS,1.0
entity_defi,entity_ethereum,CO_MENTIONED_WITH,1.0
entity_defi,entity_ethereum_foundation,CO_MENTIONED_WITH,1.0
entity_defi,entity_feels,CO_MENTIONED_WITH,1.0
entity_ethereum,entity_ethereum_foundation,CO_MENTIONED_WITH,2.0
entity_ethereum,entity_feels,CO_MENTIONED_WITH,1.0
entity_ethereum_foundation,entity_feels,CO_MENTIONED_WITH,1.0
entity_ethereum,topic_defi,BELONGS_TO,1.0
entity_ethereum_foundation,topic_defi,BELONGS_TO,1.0
entity_feels,topic_defi,BELONGS_TO,1.0
entity_ethereum,topic_security,BELONGS_TO,4.0
entity_ethereum_foundation,topic_security,BELONGS_TO,2.0
entity_feels,topic_security,BELONGS_TO,1.0
post_1tiwul0,entity_completing,MENTIONS,1.0
post_1tiwul0,entity_defi,MENTIONS,1.0
post_1tiwul0,entity_default,MENTIONS,1.0
post_1tiwul0,entity_mev,MENTIONS,1.0
post_1tiwul0,entity_rocketx,MENTIONS,1.0
post_1tiwul0,entity_slippage,MENTIONS,1.0
post_1tiwul0,entity_transaction,MENTIONS,1.0
entity_completing,entity_default,CO_MENTIONED_WITH,1.0
entity_completing,entity_defi,CO_MENTIONED_WITH,1.0
entity_completing,entity_mev,CO_MENTIONED_WITH,1.0
entity_completing,entity_rocketx,CO_MENTIONED_WITH,1.0
entity_completing,entity_slippage,CO_MENTIONED_WITH,1.0
entity_completing,entity_transaction,CO_MENTIONED_WITH,1.0
entity_default,entity_defi,CO_MENTIONED_WITH,1.0
entity_default,entity_mev,CO_MENTIONED_WITH,1.0
entity_default,entity_rocketx,CO_MENTIONED_WITH,1.0
entity_default,entity_slippage,CO_MENTIONED_WITH,1.0
entity_default,entity_transaction,CO_MENTIONED_WITH,1.0
entity_defi,entity_mev,CO_MENTIONED_WITH,2.0
entity_defi,entity_rocketx,CO_MENTIONED_WITH,1.0
entity_defi,entity_slippage,CO_MENTIONED_WITH,1.0
entity_defi,entity_transaction,CO_MENTIONED_WITH,1.0
entity_mev,entity_rocketx,CO_MENTIONED_WITH,1.0
entity_mev,entity_slippage,CO_MENTIONED_WITH,1.0
entity_mev,entity_transaction,CO_MENTIONED_WITH,1.0
entity_rocketx,entity_slippage,CO_MENTIONED_WITH,1.0
entity_rocketx,entity_transaction,CO_MENTIONED_WITH,1.0
entity_slippage,entity_transaction,CO_MENTIONED_WITH,1.0
entity_completing,topic_defi,BELONGS_TO,1.0
entity_default,topic_defi,BELONGS_TO,1.0
entity_mev,topic_defi,BELONGS_TO,2.0
entity_rocketx,topic_defi,BELONGS_TO,1.0
entity_slippage,topic_defi,BELONGS_TO,1.0
entity_transaction,topic_defi,BELONGS_TO,1.0
post_1tiks8p,entity_coupled,MENTIONS,1.0
post_1tiks8p,entity_uniswap,MENTIONS,1.0
entity_coupled,entity_uniswap,CO_MENTIONED_WITH,1.0
entity_coupled,topic_defi,BELONGS_TO,1.0
entity_uniswap,topic_defi,BELONGS_TO,1.0
entity_coupled,topic_layer2_scaling,BELONGS_TO,1.0
entity_uniswap,topic_layer2_scaling,BELONGS_TO,1.0
entity_coupled,topic_security,BELONGS_TO,1.0
entity_uniswap,topic_security,BELONGS_TO,1.0
post_1tiyfhv,entity_aave,MENTIONS,1.0
post_1tiyfhv,entity_usdc,MENTIONS,1.0
entity_aave,topic_layer2_scaling,BELONGS_TO,2.0
entity_usdc,topic_layer2_scaling,BELONGS_TO,2.0
entity_aave,topic_security,BELONGS_TO,3.0
entity_usdc,topic_security,BELONGS_TO,1.0
post_1tim5jb,entity_aave,MENTIONS,1.0
post_1tim5jb,entity_aave_v3,MENTIONS,1.0
post_1tim5jb,entity_alertio,MENTIONS,1.0
post_1tim5jb,entity_alerts,MENTIONS,1.0
post_1tim5jb,entity_built,MENTIONS,1.0
post_1tim5jb,entity_coverage,MENTIONS,1.0
post_1tim5jb,entity_current,MENTIONS,1.0
post_1tim5jb,entity_defi,MENTIONS,1.0
post_1tim5jb,entity_did,MENTIONS,1.0
post_1tim5jb,entity_evaa,MENTIONS,1.0
post_1tim5jb,entity_euler,MENTIONS,1.0
post_1tim5jb,entity_false,MENTIONS,1.0
post_1tim5jb,entity_hyperliquid,MENTIONS,1.0
post_1tim5jb,entity_kamino,MENTIONS,1.0
post_1tim5jb,entity_marginfi,MENTIONS,1.0
post_1tim5jb,entity_moonwell,MENTIONS,1.0
post_1tim5jb,entity_morpho,MENTIONS,1.0
post_1tim5jb,entity_risks,MENTIONS,1.0
post_1tim5jb,entity_spark,MENTIONS,1.0
post_1tim5jb,entity_tvl,MENTIONS,1.0
entity_aave,entity_aave_v3,CO_MENTIONED_WITH,1.0
entity_aave,entity_alertio,CO_MENTIONED_WITH,1.0
entity_aave,entity_alerts,CO_MENTIONED_WITH,1.0
entity_aave,entity_built,CO_MENTIONED_WITH,1.0
entity_aave,entity_coverage,CO_MENTIONED_WITH,1.0
entity_aave,entity_current,CO_MENTIONED_WITH,1.0
entity_aave,entity_defi,CO_MENTIONED_WITH,3.0
entity_aave,entity_did,CO_MENTIONED_WITH,1.0
entity_aave,entity_euler,CO_MENTIONED_WITH,1.0
entity_aave,entity_evaa,CO_MENTIONED_WITH,1.0
entity_aave,entity_false,CO_MENTIONED_WITH,1.0
entity_aave,entity_hyperliquid,CO_MENTIONED_WITH,1.0
entity_aave,entity_kamino,CO_MENTIONED_WITH,1.0
entity_aave,entity_marginfi,CO_MENTIONED_WITH,1.0
entity_aave,entity_moonwell,CO_MENTIONED_WITH,1.0
entity_aave,entity_morpho,CO_MENTIONED_WITH,2.0
entity_aave,entity_risks,CO_MENTIONED_WITH,1.0
entity_aave,entity_spark,CO_MENTIONED_WITH,1.0
entity_aave,entity_tvl,CO_MENTIONED_WITH,2.0
entity_aave_v3,entity_alertio,CO_MENTIONED_WITH,1.0
entity_aave_v3,entity_alerts,CO_MENTIONED_WITH,1.0
entity_aave_v3,entity_built,CO_MENTIONED_WITH,1.0
entity_aave_v3,entity_coverage,CO_MENTIONED_WITH,1.0
entity_aave_v3,entity_current,CO_MENTIONED_WITH,1.0
entity_aave_v3,entity_defi,CO_MENTIONED_WITH,1.0
entity_aave_v3,entity_did,CO_MENTIONED_WITH,1.0
entity_aave_v3,entity_euler,CO_MENTIONED_WITH,1.0
entity_aave_v3,entity_evaa,CO_MENTIONED_WITH,1.0
entity_aave_v3,entity_false,CO_MENTIONED_WITH,1.0
entity_aave_v3,entity_hyperliquid,CO_MENTIONED_WITH,1.0
entity_aave_v3,entity_kamino,CO_MENTIONED_WITH,1.0
entity_aave_v3,entity_marginfi,CO_MENTIONED_WITH,1.0
entity_aave_v3,entity_moonwell,CO_MENTIONED_WITH,1.0
entity_aave_v3,entity_morpho,CO_MENTIONED_WITH,1.0
entity_aave_v3,entity_risks,CO_MENTIONED_WITH,1.0
entity_aave_v3,entity_spark,CO_MENTIONED_WITH,1.0
entity_aave_v3,entity_tvl,CO_MENTIONED_WITH,1.0
entity_alertio,entity_alerts,CO_MENTIONED_WITH,1.0
entity_alertio,entity_built,CO_MENTIONED_WITH,1.0
entity_alertio,entity_coverage,CO_MENTIONED_WITH,1.0
entity_alertio,entity_current,CO_MENTIONED_WITH,1.0
entity_alertio,entity_defi,CO_MENTIONED_WITH,1.0
entity_alertio,entity_did,CO_MENTIONED_WITH,1.0
entity_alertio,entity_euler,CO_MENTIONED_WITH,1.0
entity_alertio,entity_evaa,CO_MENTIONED_WITH,1.0
entity_alertio,entity_false,CO_MENTIONED_WITH,1.0
entity_alertio,entity_hyperliquid,CO_MENTIONED_WITH,1.0
entity_alertio,entity_kamino,CO_MENTIONED_WITH,1.0
entity_alertio,entity_marginfi,CO_MENTIONED_WITH,1.0
entity_alertio,entity_moonwell,CO_MENTIONED_WITH,1.0
entity_alertio,entity_morpho,CO_MENTIONED_WITH,1.0
entity_alertio,entity_risks,CO_MENTIONED_WITH,1.0
entity_alertio,entity_spark,CO_MENTIONED_WITH,1.0
entity_alertio,entity_tvl,CO_MENTIONED_WITH,1.0
entity_alerts,entity_built,CO_MENTIONED_WITH,1.0
entity_alerts,entity_coverage,CO_MENTIONED_WITH,1.0
entity_alerts,entity_current,CO_MENTIONED_WITH,1.0
entity_alerts,entity_defi,CO_MENTIONED_WITH,1.0
entity_alerts,entity_did,CO_MENTIONED_WITH,1.0
entity_alerts,entity_euler,CO_MENTIONED_WITH,1.0
entity_alerts,entity_evaa,CO_MENTIONED_WITH,1.0
entity_alerts,entity_false,CO_MENTIONED_WITH,1.0
entity_alerts,entity_hyperliquid,CO_MENTIONED_WITH,1.0
entity_alerts,entity_kamino,CO_MENTIONED_WITH,1.0
entity_alerts,entity_marginfi,CO_MENTIONED_WITH,1.0
entity_alerts,entity_moonwell,CO_MENTIONED_WITH,1.0
entity_alerts,entity_morpho,CO_MENTIONED_WITH,1.0
entity_alerts,entity_risks,CO_MENTIONED_WITH,1.0
entity_alerts,entity_spark,CO_MENTIONED_WITH,1.0
entity_alerts,entity_tvl,CO_MENTIONED_WITH,1.0
entity_built,entity_coverage,CO_MENTIONED_WITH,1.0
entity_built,entity_current,CO_MENTIONED_WITH,1.0
entity_built,entity_defi,CO_MENTIONED_WITH,1.0
entity_built,entity_did,CO_MENTIONED_WITH,1.0
entity_built,entity_euler,CO_MENTIONED_WITH,1.0
entity_built,entity_evaa,CO_MENTIONED_WITH,1.0
entity_built,entity_false,CO_MENTIONED_WITH,1.0
entity_built,entity_hyperliquid,CO_MENTIONED_WITH,1.0
entity_built,entity_kamino,CO_MENTIONED_WITH,1.0
entity_built,entity_marginfi,CO_MENTIONED_WITH,1.0
entity_built,entity_moonwell,CO_MENTIONED_WITH,1.0
entity_built,entity_morpho,CO_MENTIONED_WITH,1.0
entity_built,entity_risks,CO_MENTIONED_WITH,1.0
entity_built,entity_spark,CO_MENTIONED_WITH,1.0
entity_built,entity_tvl,CO_MENTIONED_WITH,1.0
entity_coverage,entity_current,CO_MENTIONED_WITH,1.0
entity_coverage,entity_defi,CO_MENTIONED_WITH,1.0
entity_coverage,entity_did,CO_MENTIONED_WITH,1.0
entity_coverage,entity_euler,CO_MENTIONED_WITH,1.0
entity_coverage,entity_evaa,CO_MENTIONED_WITH,1.0
entity_coverage,entity_false,CO_MENTIONED_WITH,1.0
entity_coverage,entity_hyperliquid,CO_MENTIONED_WITH,1.0
entity_coverage,entity_kamino,CO_MENTIONED_WITH,1.0
entity_coverage,entity_marginfi,CO_MENTIONED_WITH,1.0
entity_coverage,entity_moonwell,CO_MENTIONED_WITH,1.0
entity_coverage,entity_morpho,CO_MENTIONED_WITH,1.0
entity_coverage,entity_risks,CO_MENTIONED_WITH,1.0
entity_coverage,entity_spark,CO_MENTIONED_WITH,1.0
entity_coverage,entity_tvl,CO_MENTIONED_WITH,1.0
entity_current,entity_defi,CO_MENTIONED_WITH,1.0
entity_current,entity_did,CO_MENTIONED_WITH,1.0
entity_current,entity_euler,CO_MENTIONED_WITH,1.0
entity_current,entity_evaa,CO_MENTIONED_WITH,1.0
entity_current,entity_false,CO_MENTIONED_WITH,1.0
entity_current,entity_hyperliquid,CO_MENTIONED_WITH,1.0
entity_current,entity_kamino,CO_MENTIONED_WITH,1.0
entity_current,entity_marginfi,CO_MENTIONED_WITH,1.0
entity_current,entity_moonwell,CO_MENTIONED_WITH,1.0
entity_current,entity_morpho,CO_MENTIONED_WITH,1.0
entity_current,entity_risks,CO_MENTIONED_WITH,1.0
entity_current,entity_spark,CO_MENTIONED_WITH,1.0
entity_current,entity_tvl,CO_MENTIONED_WITH,1.0
entity_defi,entity_did,CO_MENTIONED_WITH,1.0
entity_defi,entity_euler,CO_MENTIONED_WITH,1.0
entity_defi,entity_evaa,CO_MENTIONED_WITH,1.0
entity_defi,entity_false,CO_MENTIONED_WITH,1.0
entity_defi,entity_hyperliquid,CO_MENTIONED_WITH,1.0
entity_defi,entity_kamino,CO_MENTIONED_WITH,1.0
entity_defi,entity_marginfi,CO_MENTIONED_WITH,1.0
entity_defi,entity_moonwell,CO_MENTIONED_WITH,1.0
entity_defi,entity_morpho,CO_MENTIONED_WITH,2.0
entity_defi,entity_risks,CO_MENTIONED_WITH,1.0
entity_defi,entity_spark,CO_MENTIONED_WITH,1.0
entity_defi,entity_tvl,CO_MENTIONED_WITH,2.0
entity_did,entity_euler,CO_MENTIONED_WITH,1.0
entity_did,entity_evaa,CO_MENTIONED_WITH,1.0
entity_did,entity_false,CO_MENTIONED_WITH,1.0
entity_did,entity_hyperliquid,CO_MENTIONED_WITH,1.0
entity_did,entity_kamino,CO_MENTIONED_WITH,1.0
entity_did,entity_marginfi,CO_MENTIONED_WITH,1.0
entity_did,entity_moonwell,CO_MENTIONED_WITH,1.0
entity_did,entity_morpho,CO_MENTIONED_WITH,1.0
entity_did,entity_risks,CO_MENTIONED_WITH,1.0
entity_did,entity_spark,CO_MENTIONED_WITH,1.0
entity_did,entity_tvl,CO_MENTIONED_WITH,1.0
entity_euler,entity_evaa,CO_MENTIONED_WITH,1.0
entity_euler,entity_false,CO_MENTIONED_WITH,1.0
entity_euler,entity_hyperliquid,CO_MENTIONED_WITH,1.0
entity_euler,entity_kamino,CO_MENTIONED_WITH,1.0
entity_euler,entity_marginfi,CO_MENTIONED_WITH,1.0
entity_euler,entity_moonwell,CO_MENTIONED_WITH,1.0
entity_euler,entity_morpho,CO_MENTIONED_WITH,1.0
entity_euler,entity_risks,CO_MENTIONED_WITH,1.0
entity_euler,entity_spark,CO_MENTIONED_WITH,1.0
entity_euler,entity_tvl,CO_MENTIONED_WITH,1.0
entity_evaa,entity_false,CO_MENTIONED_WITH,1.0
entity_evaa,entity_hyperliquid,CO_MENTIONED_WITH,1.0
entity_evaa,entity_kamino,CO_MENTIONED_WITH,1.0
entity_evaa,entity_marginfi,CO_MENTIONED_WITH,1.0
entity_evaa,entity_moonwell,CO_MENTIONED_WITH,1.0
entity_evaa,entity_morpho,CO_MENTIONED_WITH,1.0
entity_evaa,entity_risks,CO_MENTIONED_WITH,1.0
entity_evaa,entity_spark,CO_MENTIONED_WITH,1.0
entity_evaa,entity_tvl,CO_MENTIONED_WITH,1.0
entity_false,entity_hyperliquid,CO_MENTIONED_WITH,1.0
entity_false,entity_kamino,CO_MENTIONED_WITH,1.0
entity_false,entity_marginfi,CO_MENTIONED_WITH,1.0
entity_false,entity_moonwell,CO_MENTIONED_WITH,1.0
entity_false,entity_morpho,CO_MENTIONED_WITH,1.0
entity_false,entity_risks,CO_MENTIONED_WITH,1.0
entity_false,entity_spark,CO_MENTIONED_WITH,1.0
entity_false,entity_tvl,CO_MENTIONED_WITH,1.0
entity_hyperliquid,entity_kamino,CO_MENTIONED_WITH,1.0
entity_hyperliquid,entity_marginfi,CO_MENTIONED_WITH,1.0
entity_hyperliquid,entity_moonwell,CO_MENTIONED_WITH,1.0
entity_hyperliquid,entity_morpho,CO_MENTIONED_WITH,1.0
entity_hyperliquid,entity_risks,CO_MENTIONED_WITH,1.0
entity_hyperliquid,entity_spark,CO_MENTIONED_WITH,1.0
entity_hyperliquid,entity_tvl,CO_MENTIONED_WITH,1.0
entity_kamino,entity_marginfi,CO_MENTIONED_WITH,1.0
entity_kamino,entity_moonwell,CO_MENTIONED_WITH,1.0
entity_kamino,entity_morpho,CO_MENTIONED_WITH,1.0
entity_kamino,entity_risks,CO_MENTIONED_WITH,1.0
entity_kamino,entity_spark,CO_MENTIONED_WITH,1.0
entity_kamino,entity_tvl,CO_MENTIONED_WITH,1.0
entity_marginfi,entity_moonwell,CO_MENTIONED_WITH,1.0
entity_marginfi,entity_morpho,CO_MENTIONED_WITH,1.0
entity_marginfi,entity_risks,CO_MENTIONED_WITH,1.0
entity_marginfi,entity_spark,CO_MENTIONED_WITH,1.0
entity_marginfi,entity_tvl,CO_MENTIONED_WITH,1.0
entity_moonwell,entity_morpho,CO_MENTIONED_WITH,1.0
entity_moonwell,entity_risks,CO_MENTIONED_WITH,1.0
entity_moonwell,entity_spark,CO_MENTIONED_WITH,1.0
entity_moonwell,entity_tvl,CO_MENTIONED_WITH,1.0
entity_morpho,entity_risks,CO_MENTIONED_WITH,1.0
entity_morpho,entity_spark,CO_MENTIONED_WITH,1.0
entity_morpho,entity_tvl,CO_MENTIONED_WITH,1.0
entity_risks,entity_spark,CO_MENTIONED_WITH,1.0
entity_risks,entity_tvl,CO_MENTIONED_WITH,1.0
entity_spark,entity_tvl,CO_MENTIONED_WITH,1.0
entity_aave_v3,topic_defi,BELONGS_TO,1.0
entity_alertio,topic_defi,BELONGS_TO,1.0
entity_alerts,topic_defi,BELONGS_TO,1.0
entity_built,topic_defi,BELONGS_TO,1.0
entity_coverage,topic_defi,BELONGS_TO,1.0
entity_current,topic_defi,BELONGS_TO,1.0
entity_did,topic_defi,BELONGS_TO,1.0
entity_evaa,topic_defi,BELONGS_TO,1.0
entity_euler,topic_defi,BELONGS_TO,1.0
entity_false,topic_defi,BELONGS_TO,1.0
entity_hyperliquid,topic_defi,BELONGS_TO,1.0
entity_kamino,topic_defi,BELONGS_TO,1.0
entity_marginfi,topic_defi,BELONGS_TO,1.0
entity_moonwell,topic_defi,BELONGS_TO,1.0
entity_morpho,topic_defi,BELONGS_TO,2.0
entity_risks,topic_defi,BELONGS_TO,1.0
entity_spark,topic_defi,BELONGS_TO,1.0
entity_tvl,topic_defi,BELONGS_TO,2.0
entity_aave_v3,topic_security,BELONGS_TO,1.0
entity_alertio,topic_security,BELONGS_TO,1.0
entity_alerts,topic_security,BELONGS_TO,1.0
entity_built,topic_security,BELONGS_TO,1.0
entity_coverage,topic_security,BELONGS_TO,1.0
entity_current,topic_security,BELONGS_TO,1.0
entity_did,topic_security,BELONGS_TO,1.0
entity_evaa,topic_security,BELONGS_TO,1.0
entity_euler,topic_security,BELONGS_TO,1.0
entity_false,topic_security,BELONGS_TO,1.0
entity_hyperliquid,topic_security,BELONGS_TO,1.0
entity_kamino,topic_security,BELONGS_TO,1.0
entity_marginfi,topic_security,BELONGS_TO,1.0
entity_moonwell,topic_security,BELONGS_TO,1.0
entity_morpho,topic_security,BELONGS_TO,2.0
entity_risks,topic_security,BELONGS_TO,1.0
entity_spark,topic_security,BELONGS_TO,1.0
entity_tvl,topic_security,BELONGS_TO,1.0
entity_aave,topic_cross_chain,BELONGS_TO,3.0
entity_aave_v3,topic_cross_chain,BELONGS_TO,1.0
entity_alertio,topic_cross_chain,BELONGS_TO,1.0
entity_alerts,topic_cross_chain,BELONGS_TO,1.0
entity_built,topic_cross_chain,BELONGS_TO,1.0
entity_coverage,topic_cross_chain,BELONGS_TO,1.0
entity_current,topic_cross_chain,BELONGS_TO,1.0
entity_defi,topic_cross_chain,BELONGS_TO,3.0
entity_did,topic_cross_chain,BELONGS_TO,1.0
entity_evaa,topic_cross_chain,BELONGS_TO,1.0
entity_euler,topic_cross_chain,BELONGS_TO,1.0
entity_false,topic_cross_chain,BELONGS_TO,1.0
entity_hyperliquid,topic_cross_chain,BELONGS_TO,1.0
entity_kamino,topic_cross_chain,BELONGS_TO,1.0
entity_marginfi,topic_cross_chain,BELONGS_TO,1.0
entity_moonwell,topic_cross_chain,BELONGS_TO,1.0
entity_morpho,topic_cross_chain,BELONGS_TO,2.0
entity_risks,topic_cross_chain,BELONGS_TO,1.0
entity_spark,topic_cross_chain,BELONGS_TO,1.0
entity_tvl,topic_cross_chain,BELONGS_TO,2.0
entity_aave_v3,topic_stablecoins,BELONGS_TO,1.0
entity_alertio,topic_stablecoins,BELONGS_TO,1.0
entity_alerts,topic_stablecoins,BELONGS_TO,1.0
entity_built,topic_stablecoins,BELONGS_TO,1.0
entity_coverage,topic_stablecoins,BELONGS_TO,1.0
entity_current,topic_stablecoins,BELONGS_TO,1.0
entity_defi,topic_stablecoins,BELONGS_TO,2.0
entity_did,topic_stablecoins,BELONGS_TO,1.0
entity_evaa,topic_stablecoins,BELONGS_TO,1.0
entity_euler,topic_stablecoins,BELONGS_TO,1.0
entity_false,topic_stablecoins,BELONGS_TO,1.0
entity_hyperliquid,topic_stablecoins,BELONGS_TO,1.0
entity_kamino,topic_stablecoins,BELONGS_TO,1.0
entity_marginfi,topic_stablecoins,BELONGS_TO,1.0
entity_moonwell,topic_stablecoins,BELONGS_TO,1.0
entity_morpho,topic_stablecoins,BELONGS_TO,1.0
entity_risks,topic_stablecoins,BELONGS_TO,1.0
entity_spark,topic_stablecoins,BELONGS_TO,1.0
entity_tvl,topic_stablecoins,BELONGS_TO,1.0
post_1tijzdp,entity_only,MENTIONS,1.0
post_1tijzdp,entity_perps,MENTIONS,1.0
post_1tijzdp,entity_think,MENTIONS,1.0
entity_only,entity_perps,CO_MENTIONED_WITH,1.0
entity_only,entity_think,CO_MENTIONED_WITH,1.0
entity_perps,entity_think,CO_MENTIONED_WITH,1.0
entity_only,topic_web3_general,BELONGS_TO,1.0
entity_perps,topic_web3_general,BELONGS_TO,1.0
entity_think,topic_web3_general,BELONGS_TO,1.0
post_1tj3sd5,entity_aave,MENTIONS,1.0
post_1tj3sd5,entity_aggregate,MENTIONS,1.0
post_1tj3sd5,entity_arbitrum,MENTIONS,1.0
post_1tj3sd5,entity_automated,MENTIONS,1.0
post_1tj3sd5,entity_base,MENTIONS,1.0
post_1tj3sd5,entity_compound,MENTIONS,1.0
post_1tj3sd5,entity_cross,MENTIONS,1.0
post_1tj3sd5,entity_defi,MENTIONS,1.0
post_1tj3sd5,entity_during,MENTIONS,1.0
post_1tj3sd5,entity_eth,MENTIONS,1.0
post_1tj3sd5,entity_flash,MENTIONS,1.0
post_1tj3sd5,entity_following,MENTIONS,1.0
post_1tj3sd5,entity_forward,MENTIONS,1.0
post_1tj3sd5,entity_health,MENTIONS,1.0
post_1tj3sd5,entity_ltv,MENTIONS,1.0
post_1tj3sd5,entity_large,MENTIONS,1.0
post_1tj3sd5,entity_liquidation,MENTIONS,1.0
post_1tj3sd5,entity_morpho,MENTIONS,1.0
post_1tj3sd5,entity_none,MENTIONS,1.0
post_1tj3sd5,entity_protocol,MENTIONS,1.0
post_1tj3sd5,entity_three,MENTIONS,1.0
post_1tj3sd5,entity_unusual,MENTIONS,1.0
post_1tj3sd5,entity_while,MENTIONS,1.0
post_1tj3sd5,entity_wonder,MENTIONS,1.0
entity_aave,entity_aggregate,CO_MENTIONED_WITH,1.0
entity_aave,entity_arbitrum,CO_MENTIONED_WITH,1.0
entity_aave,entity_automated,CO_MENTIONED_WITH,1.0
entity_aave,entity_base,CO_MENTIONED_WITH,1.0
entity_aave,entity_compound,CO_MENTIONED_WITH,1.0
entity_aave,entity_cross,CO_MENTIONED_WITH,1.0
entity_aave,entity_during,CO_MENTIONED_WITH,1.0
entity_aave,entity_eth,CO_MENTIONED_WITH,1.0
entity_aave,entity_flash,CO_MENTIONED_WITH,1.0
entity_aave,entity_following,CO_MENTIONED_WITH,1.0
entity_aave,entity_forward,CO_MENTIONED_WITH,1.0
entity_aave,entity_health,CO_MENTIONED_WITH,1.0
entity_aave,entity_large,CO_MENTIONED_WITH,1.0
entity_aave,entity_liquidation,CO_MENTIONED_WITH,1.0
entity_aave,entity_ltv,CO_MENTIONED_WITH,1.0
entity_aave,entity_none,CO_MENTIONED_WITH,1.0
entity_aave,entity_protocol,CO_MENTIONED_WITH,1.0
entity_aave,entity_three,CO_MENTIONED_WITH,1.0
entity_aave,entity_unusual,CO_MENTIONED_WITH,1.0
entity_aave,entity_while,CO_MENTIONED_WITH,1.0
entity_aave,entity_wonder,CO_MENTIONED_WITH,1.0
entity_aggregate,entity_arbitrum,CO_MENTIONED_WITH,1.0
entity_aggregate,entity_automated,CO_MENTIONED_WITH,1.0
entity_aggregate,entity_base,CO_MENTIONED_WITH,1.0
entity_aggregate,entity_compound,CO_MENTIONED_WITH,1.0
entity_aggregate,entity_cross,CO_MENTIONED_WITH,1.0
entity_aggregate,entity_defi,CO_MENTIONED_WITH,1.0
entity_aggregate,entity_during,CO_MENTIONED_WITH,1.0
entity_aggregate,entity_eth,CO_MENTIONED_WITH,1.0
entity_aggregate,entity_flash,CO_MENTIONED_WITH,1.0
entity_aggregate,entity_following,CO_MENTIONED_WITH,1.0
entity_aggregate,entity_forward,CO_MENTIONED_WITH,1.0
entity_aggregate,entity_health,CO_MENTIONED_WITH,1.0
entity_aggregate,entity_large,CO_MENTIONED_WITH,1.0
entity_aggregate,entity_liquidation,CO_MENTIONED_WITH,1.0
entity_aggregate,entity_ltv,CO_MENTIONED_WITH,1.0
entity_aggregate,entity_morpho,CO_MENTIONED_WITH,1.0
entity_aggregate,entity_none,CO_MENTIONED_WITH,1.0
entity_aggregate,entity_protocol,CO_MENTIONED_WITH,1.0
entity_aggregate,entity_three,CO_MENTIONED_WITH,1.0
entity_aggregate,entity_unusual,CO_MENTIONED_WITH,1.0
entity_aggregate,entity_while,CO_MENTIONED_WITH,1.0
entity_aggregate,entity_wonder,CO_MENTIONED_WITH,1.0
entity_arbitrum,entity_automated,CO_MENTIONED_WITH,1.0
entity_arbitrum,entity_base,CO_MENTIONED_WITH,1.0
entity_arbitrum,entity_compound,CO_MENTIONED_WITH,1.0
entity_arbitrum,entity_cross,CO_MENTIONED_WITH,1.0
entity_arbitrum,entity_defi,CO_MENTIONED_WITH,1.0
entity_arbitrum,entity_during,CO_MENTIONED_WITH,1.0
entity_arbitrum,entity_eth,CO_MENTIONED_WITH,1.0
entity_arbitrum,entity_flash,CO_MENTIONED_WITH,1.0
entity_arbitrum,entity_following,CO_MENTIONED_WITH,1.0
entity_arbitrum,entity_forward,CO_MENTIONED_WITH,1.0
entity_arbitrum,entity_health,CO_MENTIONED_WITH,1.0
entity_arbitrum,entity_large,CO_MENTIONED_WITH,1.0
entity_arbitrum,entity_liquidation,CO_MENTIONED_WITH,1.0
entity_arbitrum,entity_ltv,CO_MENTIONED_WITH,1.0
entity_arbitrum,entity_morpho,CO_MENTIONED_WITH,1.0
entity_arbitrum,entity_none,CO_MENTIONED_WITH,1.0
entity_arbitrum,entity_protocol,CO_MENTIONED_WITH,1.0
entity_arbitrum,entity_three,CO_MENTIONED_WITH,1.0
entity_arbitrum,entity_unusual,CO_MENTIONED_WITH,1.0
entity_arbitrum,entity_while,CO_MENTIONED_WITH,1.0
entity_arbitrum,entity_wonder,CO_MENTIONED_WITH,1.0
entity_automated,entity_base,CO_MENTIONED_WITH,1.0
entity_automated,entity_compound,CO_MENTIONED_WITH,1.0
entity_automated,entity_cross,CO_MENTIONED_WITH,1.0
entity_automated,entity_defi,CO_MENTIONED_WITH,1.0
entity_automated,entity_during,CO_MENTIONED_WITH,1.0
entity_automated,entity_eth,CO_MENTIONED_WITH,1.0
entity_automated,entity_flash,CO_MENTIONED_WITH,1.0
entity_automated,entity_following,CO_MENTIONED_WITH,1.0
entity_automated,entity_forward,CO_MENTIONED_WITH,1.0
entity_automated,entity_health,CO_MENTIONED_WITH,1.0
entity_automated,entity_large,CO_MENTIONED_WITH,1.0
entity_automated,entity_liquidation,CO_MENTIONED_WITH,1.0
entity_automated,entity_ltv,CO_MENTIONED_WITH,1.0
entity_automated,entity_morpho,CO_MENTIONED_WITH,1.0
entity_automated,entity_none,CO_MENTIONED_WITH,1.0
entity_automated,entity_protocol,CO_MENTIONED_WITH,1.0
entity_automated,entity_three,CO_MENTIONED_WITH,1.0
entity_automated,entity_unusual,CO_MENTIONED_WITH,1.0
entity_automated,entity_while,CO_MENTIONED_WITH,1.0
entity_automated,entity_wonder,CO_MENTIONED_WITH,1.0
entity_base,entity_compound,CO_MENTIONED_WITH,1.0
entity_base,entity_cross,CO_MENTIONED_WITH,1.0
entity_base,entity_defi,CO_MENTIONED_WITH,1.0
entity_base,entity_during,CO_MENTIONED_WITH,1.0
entity_base,entity_eth,CO_MENTIONED_WITH,2.0
entity_base,entity_flash,CO_MENTIONED_WITH,1.0
entity_base,entity_following,CO_MENTIONED_WITH,1.0
entity_base,entity_forward,CO_MENTIONED_WITH,1.0
entity_base,entity_health,CO_MENTIONED_WITH,1.0
entity_base,entity_large,CO_MENTIONED_WITH,1.0
entity_base,entity_liquidation,CO_MENTIONED_WITH,1.0
entity_base,entity_ltv,CO_MENTIONED_WITH,1.0
entity_base,entity_morpho,CO_MENTIONED_WITH,1.0
entity_base,entity_none,CO_MENTIONED_WITH,1.0
entity_base,entity_protocol,CO_MENTIONED_WITH,1.0
entity_base,entity_three,CO_MENTIONED_WITH,1.0
entity_base,entity_unusual,CO_MENTIONED_WITH,1.0
entity_base,entity_while,CO_MENTIONED_WITH,1.0
entity_base,entity_wonder,CO_MENTIONED_WITH,1.0
entity_compound,entity_cross,CO_MENTIONED_WITH,1.0
entity_compound,entity_defi,CO_MENTIONED_WITH,1.0
entity_compound,entity_during,CO_MENTIONED_WITH,1.0
entity_compound,entity_eth,CO_MENTIONED_WITH,1.0
entity_compound,entity_flash,CO_MENTIONED_WITH,1.0
entity_compound,entity_following,CO_MENTIONED_WITH,1.0
entity_compound,entity_forward,CO_MENTIONED_WITH,1.0
entity_compound,entity_health,CO_MENTIONED_WITH,1.0
entity_compound,entity_large,CO_MENTIONED_WITH,1.0
entity_compound,entity_liquidation,CO_MENTIONED_WITH,1.0
entity_compound,entity_ltv,CO_MENTIONED_WITH,1.0
entity_compound,entity_morpho,CO_MENTIONED_WITH,1.0
entity_compound,entity_none,CO_MENTIONED_WITH,1.0
entity_compound,entity_protocol,CO_MENTIONED_WITH,1.0
entity_compound,entity_three,CO_MENTIONED_WITH,1.0
entity_compound,entity_unusual,CO_MENTIONED_WITH,1.0
entity_compound,entity_while,CO_MENTIONED_WITH,1.0
entity_compound,entity_wonder,CO_MENTIONED_WITH,1.0
entity_cross,entity_defi,CO_MENTIONED_WITH,1.0
entity_cross,entity_during,CO_MENTIONED_WITH,1.0
entity_cross,entity_eth,CO_MENTIONED_WITH,1.0
entity_cross,entity_flash,CO_MENTIONED_WITH,1.0
entity_cross,entity_following,CO_MENTIONED_WITH,1.0
entity_cross,entity_forward,CO_MENTIONED_WITH,1.0
entity_cross,entity_health,CO_MENTIONED_WITH,1.0
entity_cross,entity_large,CO_MENTIONED_WITH,1.0
entity_cross,entity_liquidation,CO_MENTIONED_WITH,1.0
entity_cross,entity_ltv,CO_MENTIONED_WITH,1.0
entity_cross,entity_morpho,CO_MENTIONED_WITH,1.0
entity_cross,entity_none,CO_MENTIONED_WITH,1.0
entity_cross,entity_protocol,CO_MENTIONED_WITH,1.0
entity_cross,entity_three,CO_MENTIONED_WITH,1.0
entity_cross,entity_unusual,CO_MENTIONED_WITH,1.0
entity_cross,entity_while,CO_MENTIONED_WITH,1.0
entity_cross,entity_wonder,CO_MENTIONED_WITH,1.0
entity_defi,entity_during,CO_MENTIONED_WITH,1.0
entity_defi,entity_eth,CO_MENTIONED_WITH,1.0
entity_defi,entity_flash,CO_MENTIONED_WITH,1.0
entity_defi,entity_following,CO_MENTIONED_WITH,1.0
entity_defi,entity_forward,CO_MENTIONED_WITH,1.0
entity_defi,entity_health,CO_MENTIONED_WITH,1.0
entity_defi,entity_large,CO_MENTIONED_WITH,1.0
entity_defi,entity_liquidation,CO_MENTIONED_WITH,1.0
entity_defi,entity_ltv,CO_MENTIONED_WITH,1.0
entity_defi,entity_none,CO_MENTIONED_WITH,1.0
entity_defi,entity_protocol,CO_MENTIONED_WITH,1.0
entity_defi,entity_three,CO_MENTIONED_WITH,1.0
entity_defi,entity_unusual,CO_MENTIONED_WITH,1.0
entity_defi,entity_while,CO_MENTIONED_WITH,1.0
entity_defi,entity_wonder,CO_MENTIONED_WITH,1.0
entity_during,entity_eth,CO_MENTIONED_WITH,1.0
entity_during,entity_flash,CO_MENTIONED_WITH,1.0
entity_during,entity_following,CO_MENTIONED_WITH,1.0
entity_during,entity_forward,CO_MENTIONED_WITH,1.0
entity_during,entity_health,CO_MENTIONED_WITH,1.0
entity_during,entity_large,CO_MENTIONED_WITH,1.0
entity_during,entity_liquidation,CO_MENTIONED_WITH,1.0
entity_during,entity_ltv,CO_MENTIONED_WITH,1.0
entity_during,entity_morpho,CO_MENTIONED_WITH,1.0
entity_during,entity_none,CO_MENTIONED_WITH,1.0
entity_during,entity_protocol,CO_MENTIONED_WITH,1.0
entity_during,entity_three,CO_MENTIONED_WITH,1.0
entity_during,entity_unusual,CO_MENTIONED_WITH,1.0
entity_during,entity_while,CO_MENTIONED_WITH,1.0
entity_during,entity_wonder,CO_MENTIONED_WITH,1.0
entity_eth,entity_flash,CO_MENTIONED_WITH,1.0
entity_eth,entity_following,CO_MENTIONED_WITH,1.0
entity_eth,entity_forward,CO_MENTIONED_WITH,1.0
entity_eth,entity_health,CO_MENTIONED_WITH,1.0
entity_eth,entity_large,CO_MENTIONED_WITH,1.0
entity_eth,entity_liquidation,CO_MENTIONED_WITH,1.0
entity_eth,entity_ltv,CO_MENTIONED_WITH,1.0
entity_eth,entity_morpho,CO_MENTIONED_WITH,1.0
entity_eth,entity_none,CO_MENTIONED_WITH,1.0
entity_eth,entity_protocol,CO_MENTIONED_WITH,1.0
entity_eth,entity_three,CO_MENTIONED_WITH,2.0
entity_eth,entity_unusual,CO_MENTIONED_WITH,1.0
entity_eth,entity_while,CO_MENTIONED_WITH,1.0
entity_eth,entity_wonder,CO_MENTIONED_WITH,1.0
entity_flash,entity_following,CO_MENTIONED_WITH,1.0
entity_flash,entity_forward,CO_MENTIONED_WITH,1.0
entity_flash,entity_health,CO_MENTIONED_WITH,1.0
entity_flash,entity_large,CO_MENTIONED_WITH,1.0
entity_flash,entity_liquidation,CO_MENTIONED_WITH,1.0
entity_flash,entity_ltv,CO_MENTIONED_WITH,1.0
entity_flash,entity_morpho,CO_MENTIONED_WITH,1.0
entity_flash,entity_none,CO_MENTIONED_WITH,1.0
entity_flash,entity_protocol,CO_MENTIONED_WITH,1.0
entity_flash,entity_three,CO_MENTIONED_WITH,1.0
entity_flash,entity_unusual,CO_MENTIONED_WITH,1.0
entity_flash,entity_while,CO_MENTIONED_WITH,1.0
entity_flash,entity_wonder,CO_MENTIONED_WITH,1.0
entity_following,entity_forward,CO_MENTIONED_WITH,1.0
entity_following,entity_health,CO_MENTIONED_WITH,1.0
entity_following,entity_large,CO_MENTIONED_WITH,1.0
entity_following,entity_liquidation,CO_MENTIONED_WITH,1.0
entity_following,entity_ltv,CO_MENTIONED_WITH,1.0
entity_following,entity_morpho,CO_MENTIONED_WITH,1.0
entity_following,entity_none,CO_MENTIONED_WITH,1.0
entity_following,entity_protocol,CO_MENTIONED_WITH,1.0
entity_following,entity_three,CO_MENTIONED_WITH,1.0
entity_following,entity_unusual,CO_MENTIONED_WITH,1.0
entity_following,entity_while,CO_MENTIONED_WITH,1.0
entity_following,entity_wonder,CO_MENTIONED_WITH,1.0
entity_forward,entity_health,CO_MENTIONED_WITH,1.0
entity_forward,entity_large,CO_MENTIONED_WITH,1.0
entity_forward,entity_liquidation,CO_MENTIONED_WITH,1.0
entity_forward,entity_ltv,CO_MENTIONED_WITH,1.0
entity_forward,entity_morpho,CO_MENTIONED_WITH,1.0
entity_forward,entity_none,CO_MENTIONED_WITH,1.0
entity_forward,entity_protocol,CO_MENTIONED_WITH,1.0
entity_forward,entity_three,CO_MENTIONED_WITH,1.0
entity_forward,entity_unusual,CO_MENTIONED_WITH,1.0
entity_forward,entity_while,CO_MENTIONED_WITH,1.0
entity_forward,entity_wonder,CO_MENTIONED_WITH,1.0
entity_health,entity_large,CO_MENTIONED_WITH,1.0
entity_health,entity_liquidation,CO_MENTIONED_WITH,1.0
entity_health,entity_ltv,CO_MENTIONED_WITH,1.0
entity_health,entity_morpho,CO_MENTIONED_WITH,1.0
entity_health,entity_none,CO_MENTIONED_WITH,1.0
entity_health,entity_protocol,CO_MENTIONED_WITH,1.0
entity_health,entity_three,CO_MENTIONED_WITH,1.0
entity_health,entity_unusual,CO_MENTIONED_WITH,1.0
entity_health,entity_while,CO_MENTIONED_WITH,1.0
entity_health,entity_wonder,CO_MENTIONED_WITH,1.0
entity_large,entity_liquidation,CO_MENTIONED_WITH,1.0
entity_large,entity_ltv,CO_MENTIONED_WITH,1.0
entity_large,entity_morpho,CO_MENTIONED_WITH,1.0
entity_large,entity_none,CO_MENTIONED_WITH,1.0
entity_large,entity_protocol,CO_MENTIONED_WITH,1.0
entity_large,entity_three,CO_MENTIONED_WITH,1.0
entity_large,entity_unusual,CO_MENTIONED_WITH,1.0
entity_large,entity_while,CO_MENTIONED_WITH,1.0
entity_large,entity_wonder,CO_MENTIONED_WITH,1.0
entity_liquidation,entity_ltv,CO_MENTIONED_WITH,1.0
entity_liquidation,entity_morpho,CO_MENTIONED_WITH,1.0
entity_liquidation,entity_none,CO_MENTIONED_WITH,1.0
entity_liquidation,entity_protocol,CO_MENTIONED_WITH,1.0
entity_liquidation,entity_three,CO_MENTIONED_WITH,1.0
entity_liquidation,entity_unusual,CO_MENTIONED_WITH,1.0
entity_liquidation,entity_while,CO_MENTIONED_WITH,1.0
entity_liquidation,entity_wonder,CO_MENTIONED_WITH,1.0
entity_ltv,entity_morpho,CO_MENTIONED_WITH,1.0
entity_ltv,entity_none,CO_MENTIONED_WITH,1.0
entity_ltv,entity_protocol,CO_MENTIONED_WITH,1.0
entity_ltv,entity_three,CO_MENTIONED_WITH,1.0
entity_ltv,entity_unusual,CO_MENTIONED_WITH,1.0
entity_ltv,entity_while,CO_MENTIONED_WITH,1.0
entity_ltv,entity_wonder,CO_MENTIONED_WITH,1.0
entity_morpho,entity_none,CO_MENTIONED_WITH,1.0
entity_morpho,entity_protocol,CO_MENTIONED_WITH,1.0
entity_morpho,entity_three,CO_MENTIONED_WITH,1.0
entity_morpho,entity_unusual,CO_MENTIONED_WITH,1.0
entity_morpho,entity_while,CO_MENTIONED_WITH,1.0
entity_morpho,entity_wonder,CO_MENTIONED_WITH,1.0
entity_none,entity_protocol,CO_MENTIONED_WITH,1.0
entity_none,entity_three,CO_MENTIONED_WITH,1.0
entity_none,entity_unusual,CO_MENTIONED_WITH,1.0
entity_none,entity_while,CO_MENTIONED_WITH,1.0
entity_none,entity_wonder,CO_MENTIONED_WITH,1.0
entity_protocol,entity_three,CO_MENTIONED_WITH,1.0
entity_protocol,entity_unusual,CO_MENTIONED_WITH,1.0
entity_protocol,entity_while,CO_MENTIONED_WITH,1.0
entity_protocol,entity_wonder,CO_MENTIONED_WITH,1.0
entity_three,entity_unusual,CO_MENTIONED_WITH,1.0
entity_three,entity_while,CO_MENTIONED_WITH,1.0
entity_three,entity_wonder,CO_MENTIONED_WITH,1.0
entity_unusual,entity_while,CO_MENTIONED_WITH,1.0
entity_unusual,entity_wonder,CO_MENTIONED_WITH,1.0
entity_while,entity_wonder,CO_MENTIONED_WITH,1.0
entity_aggregate,topic_defi,BELONGS_TO,1.0
entity_arbitrum,topic_defi,BELONGS_TO,1.0
entity_automated,topic_defi,BELONGS_TO,1.0
entity_base,topic_defi,BELONGS_TO,1.0
entity_compound,topic_defi,BELONGS_TO,1.0
entity_cross,topic_defi,BELONGS_TO,1.0
entity_during,topic_defi,BELONGS_TO,1.0
entity_eth,topic_defi,BELONGS_TO,2.0
entity_flash,topic_defi,BELONGS_TO,1.0
entity_following,topic_defi,BELONGS_TO,1.0
entity_forward,topic_defi,BELONGS_TO,1.0
entity_health,topic_defi,BELONGS_TO,1.0
entity_ltv,topic_defi,BELONGS_TO,1.0
entity_large,topic_defi,BELONGS_TO,1.0
entity_liquidation,topic_defi,BELONGS_TO,1.0
entity_none,topic_defi,BELONGS_TO,1.0
entity_protocol,topic_defi,BELONGS_TO,1.0
entity_three,topic_defi,BELONGS_TO,1.0
entity_unusual,topic_defi,BELONGS_TO,1.0
entity_while,topic_defi,BELONGS_TO,1.0
entity_wonder,topic_defi,BELONGS_TO,1.0
entity_aggregate,topic_security,BELONGS_TO,1.0
entity_arbitrum,topic_security,BELONGS_TO,1.0
entity_automated,topic_security,BELONGS_TO,1.0
entity_base,topic_security,BELONGS_TO,1.0
entity_compound,topic_security,BELONGS_TO,1.0
entity_cross,topic_security,BELONGS_TO,1.0
entity_during,topic_security,BELONGS_TO,1.0
entity_eth,topic_security,BELONGS_TO,2.0
entity_flash,topic_security,BELONGS_TO,1.0
entity_following,topic_security,BELONGS_TO,1.0
entity_forward,topic_security,BELONGS_TO,1.0
entity_health,topic_security,BELONGS_TO,1.0
entity_ltv,topic_security,BELONGS_TO,1.0
entity_large,topic_security,BELONGS_TO,1.0
entity_liquidation,topic_security,BELONGS_TO,1.0
entity_none,topic_security,BELONGS_TO,1.0
entity_protocol,topic_security,BELONGS_TO,1.0
entity_three,topic_security,BELONGS_TO,2.0
entity_unusual,topic_security,BELONGS_TO,1.0
entity_while,topic_security,BELONGS_TO,1.0
entity_wonder,topic_security,BELONGS_TO,1.0
entity_aggregate,topic_cross_chain,BELONGS_TO,1.0
entity_arbitrum,topic_cross_chain,BELONGS_TO,1.0
entity_automated,topic_cross_chain,BELONGS_TO,1.0
entity_base,topic_cross_chain,BELONGS_TO,1.0
entity_compound,topic_cross_chain,BELONGS_TO,1.0
entity_cross,topic_cross_chain,BELONGS_TO,1.0
entity_during,topic_cross_chain,BELONGS_TO,1.0
entity_eth,topic_cross_chain,BELONGS_TO,1.0
entity_flash,topic_cross_chain,BELONGS_TO,1.0
entity_following,topic_cross_chain,BELONGS_TO,1.0
entity_forward,topic_cross_chain,BELONGS_TO,1.0
entity_health,topic_cross_chain,BELONGS_TO,1.0
entity_ltv,topic_cross_chain,BELONGS_TO,1.0
entity_large,topic_cross_chain,BELONGS_TO,1.0
entity_liquidation,topic_cross_chain,BELONGS_TO,1.0
entity_none,topic_cross_chain,BELONGS_TO,1.0
entity_protocol,topic_cross_chain,BELONGS_TO,1.0
entity_three,topic_cross_chain,BELONGS_TO,1.0
entity_unusual,topic_cross_chain,BELONGS_TO,1.0
entity_while,topic_cross_chain,BELONGS_TO,1.0
entity_wonder,topic_cross_chain,BELONGS_TO,1.0
post_1tip487,entity_any,MENTIONS,1.0
post_1tip487,entity_base,MENTIONS,1.0
post_1tip487,entity_eth,MENTIONS,1.0
post_1tip487,entity_edit,MENTIONS,1.0
post_1tip487,entity_mainnet,MENTIONS,1.0
post_1tip487,entity_xbridge,MENTIONS,1.0
entity_any,entity_base,CO_MENTIONED_WITH,1.0
entity_any,entity_edit,CO_MENTIONED_WITH,1.0
entity_any,entity_eth,CO_MENTIONED_WITH,1.0
entity_any,entity_mainnet,CO_MENTIONED_WITH,1.0
entity_any,entity_xbridge,CO_MENTIONED_WITH,1.0
entity_base,entity_edit,CO_MENTIONED_WITH,1.0
entity_base,entity_mainnet,CO_MENTIONED_WITH,1.0
entity_base,entity_xbridge,CO_MENTIONED_WITH,1.0
entity_edit,entity_eth,CO_MENTIONED_WITH,2.0
entity_edit,entity_mainnet,CO_MENTIONED_WITH,1.0
entity_edit,entity_xbridge,CO_MENTIONED_WITH,1.0
entity_eth,entity_mainnet,CO_MENTIONED_WITH,1.0
entity_eth,entity_xbridge,CO_MENTIONED_WITH,1.0
entity_mainnet,entity_xbridge,CO_MENTIONED_WITH,1.0
entity_any,topic_layer2_scaling,BELONGS_TO,1.0
entity_base,topic_layer2_scaling,BELONGS_TO,1.0
entity_eth,topic_layer2_scaling,BELONGS_TO,1.0
entity_edit,topic_layer2_scaling,BELONGS_TO,1.0
entity_mainnet,topic_layer2_scaling,BELONGS_TO,1.0
entity_xbridge,topic_layer2_scaling,BELONGS_TO,1.0
post_1tbzzvi,entity_ascii,MENTIONS,1.0
post_1tbzzvi,entity_at_october,MENTIONS,1.0
post_1tbzzvi,entity_both,MENTIONS,1.0
post_1tbzzvi,entity_devcon,MENTIONS,1.0
post_1tbzzvi,entity_didn,MENTIONS,1.0
post_1tbzzvi,entity_eth,MENTIONS,1.0
post_1tbzzvi,entity_eight,MENTIONS,1.0
post_1tbzzvi,entity_ethereum,MENTIONS,1.0
post_1tbzzvi,entity_ethereumhistory,MENTIONS,1.0
post_1tbzzvi,entity_even_vitalik,MENTIONS,1.0
post_1tbzzvi,entity_exact,MENTIONS,1.0
post_1tbzzvi,entity_full,MENTIONS,1.0
post_1tbzzvi,entity_gas,MENTIONS,1.0
post_1tbzzvi,entity_heiko_hees,MENTIONS,1.0
post_1tbzzvi,entity_june,MENTIONS,1.0
post_1tbzzvi,entity_neither,MENTIONS,1.0
post_1tbzzvi,entity_second_price,MENTIONS,1.0
post_1tbzzvi,entity_slot,MENTIONS,1.0
post_1tbzzvi,entity_then,MENTIONS,1.0
post_1tbzzvi,entity_three,MENTIONS,1.0
post_1tbzzvi,entity_total,MENTIONS,1.0
post_1tbzzvi,entity_two,MENTIONS,1.0
post_1tbzzvi,entity_vickrey,MENTIONS,1.0
post_1tbzzvi,entity_vitalik,MENTIONS,1.0
post_1tbzzvi,entity_wayback_machine,MENTIONS,1.0
entity_ascii,entity_at_october,CO_MENTIONED_WITH,1.0
entity_ascii,entity_both,CO_MENTIONED_WITH,1.0
entity_ascii,entity_devcon,CO_MENTIONED_WITH,1.0
entity_ascii,entity_didn,CO_MENTIONED_WITH,1.0
entity_ascii,entity_eight,CO_MENTIONED_WITH,1.0
entity_ascii,entity_eth,CO_MENTIONED_WITH,1.0
entity_ascii,entity_ethereum,CO_MENTIONED_WITH,1.0
entity_ascii,entity_ethereumhistory,CO_MENTIONED_WITH,1.0
entity_ascii,entity_even_vitalik,CO_MENTIONED_WITH,1.0
entity_ascii,entity_exact,CO_MENTIONED_WITH,1.0
entity_ascii,entity_full,CO_MENTIONED_WITH,1.0
entity_ascii,entity_gas,CO_MENTIONED_WITH,1.0
entity_ascii,entity_heiko_hees,CO_MENTIONED_WITH,1.0
entity_ascii,entity_june,CO_MENTIONED_WITH,1.0
entity_ascii,entity_neither,CO_MENTIONED_WITH,1.0
entity_ascii,entity_second_price,CO_MENTIONED_WITH,1.0
entity_ascii,entity_slot,CO_MENTIONED_WITH,1.0
entity_ascii,entity_then,CO_MENTIONED_WITH,1.0
entity_ascii,entity_three,CO_MENTIONED_WITH,1.0
entity_ascii,entity_total,CO_MENTIONED_WITH,1.0
entity_ascii,entity_two,CO_MENTIONED_WITH,1.0
entity_ascii,entity_vickrey,CO_MENTIONED_WITH,1.0
entity_ascii,entity_vitalik,CO_MENTIONED_WITH,1.0
entity_ascii,entity_wayback_machine,CO_MENTIONED_WITH,1.0
entity_at_october,entity_both,CO_MENTIONED_WITH,1.0
entity_at_october,entity_devcon,CO_MENTIONED_WITH,1.0
entity_at_october,entity_didn,CO_MENTIONED_WITH,1.0
entity_at_october,entity_eight,CO_MENTIONED_WITH,1.0
entity_at_october,entity_eth,CO_MENTIONED_WITH,1.0
entity_at_october,entity_ethereum,CO_MENTIONED_WITH,1.0
entity_at_october,entity_ethereumhistory,CO_MENTIONED_WITH,1.0
entity_at_october,entity_even_vitalik,CO_MENTIONED_WITH,1.0
entity_at_october,entity_exact,CO_MENTIONED_WITH,1.0
entity_at_october,entity_full,CO_MENTIONED_WITH,1.0
entity_at_october,entity_gas,CO_MENTIONED_WITH,1.0
entity_at_october,entity_heiko_hees,CO_MENTIONED_WITH,1.0
entity_at_october,entity_june,CO_MENTIONED_WITH,1.0
entity_at_october,entity_neither,CO_MENTIONED_WITH,1.0
entity_at_october,entity_second_price,CO_MENTIONED_WITH,1.0
entity_at_october,entity_slot,CO_MENTIONED_WITH,1.0
entity_at_october,entity_then,CO_MENTIONED_WITH,1.0
entity_at_october,entity_three,CO_MENTIONED_WITH,1.0
entity_at_october,entity_total,CO_MENTIONED_WITH,1.0
entity_at_october,entity_two,CO_MENTIONED_WITH,1.0
entity_at_october,entity_vickrey,CO_MENTIONED_WITH,1.0
entity_at_october,entity_vitalik,CO_MENTIONED_WITH,1.0
entity_at_october,entity_wayback_machine,CO_MENTIONED_WITH,1.0
entity_both,entity_devcon,CO_MENTIONED_WITH,1.0
entity_both,entity_didn,CO_MENTIONED_WITH,1.0
entity_both,entity_eight,CO_MENTIONED_WITH,1.0
entity_both,entity_eth,CO_MENTIONED_WITH,1.0
entity_both,entity_ethereum,CO_MENTIONED_WITH,1.0
entity_both,entity_ethereumhistory,CO_MENTIONED_WITH,1.0
entity_both,entity_even_vitalik,CO_MENTIONED_WITH,1.0
entity_both,entity_exact,CO_MENTIONED_WITH,1.0
entity_both,entity_full,CO_MENTIONED_WITH,1.0
entity_both,entity_gas,CO_MENTIONED_WITH,1.0
entity_both,entity_heiko_hees,CO_MENTIONED_WITH,1.0
entity_both,entity_june,CO_MENTIONED_WITH,1.0
entity_both,entity_neither,CO_MENTIONED_WITH,1.0
entity_both,entity_second_price,CO_MENTIONED_WITH,1.0
entity_both,entity_slot,CO_MENTIONED_WITH,1.0
entity_both,entity_then,CO_MENTIONED_WITH,1.0
entity_both,entity_three,CO_MENTIONED_WITH,1.0
entity_both,entity_total,CO_MENTIONED_WITH,1.0
entity_both,entity_two,CO_MENTIONED_WITH,1.0
entity_both,entity_vickrey,CO_MENTIONED_WITH,1.0
entity_both,entity_vitalik,CO_MENTIONED_WITH,1.0
entity_both,entity_wayback_machine,CO_MENTIONED_WITH,1.0
entity_devcon,entity_didn,CO_MENTIONED_WITH,1.0
entity_devcon,entity_eight,CO_MENTIONED_WITH,1.0
entity_devcon,entity_eth,CO_MENTIONED_WITH,1.0
entity_devcon,entity_ethereum,CO_MENTIONED_WITH,1.0
entity_devcon,entity_ethereumhistory,CO_MENTIONED_WITH,1.0
entity_devcon,entity_even_vitalik,CO_MENTIONED_WITH,1.0
entity_devcon,entity_exact,CO_MENTIONED_WITH,1.0
entity_devcon,entity_full,CO_MENTIONED_WITH,1.0
entity_devcon,entity_gas,CO_MENTIONED_WITH,1.0
entity_devcon,entity_heiko_hees,CO_MENTIONED_WITH,1.0
entity_devcon,entity_june,CO_MENTIONED_WITH,1.0
entity_devcon,entity_neither,CO_MENTIONED_WITH,1.0
entity_devcon,entity_second_price,CO_MENTIONED_WITH,1.0
entity_devcon,entity_slot,CO_MENTIONED_WITH,1.0
entity_devcon,entity_then,CO_MENTIONED_WITH,1.0
entity_devcon,entity_three,CO_MENTIONED_WITH,1.0
entity_devcon,entity_total,CO_MENTIONED_WITH,1.0
entity_devcon,entity_two,CO_MENTIONED_WITH,1.0
entity_devcon,entity_vickrey,CO_MENTIONED_WITH,1.0
entity_devcon,entity_vitalik,CO_MENTIONED_WITH,1.0
entity_devcon,entity_wayback_machine,CO_MENTIONED_WITH,1.0
entity_didn,entity_eight,CO_MENTIONED_WITH,1.0
entity_didn,entity_eth,CO_MENTIONED_WITH,1.0
entity_didn,entity_ethereum,CO_MENTIONED_WITH,1.0
entity_didn,entity_ethereumhistory,CO_MENTIONED_WITH,1.0
entity_didn,entity_even_vitalik,CO_MENTIONED_WITH,1.0
entity_didn,entity_exact,CO_MENTIONED_WITH,1.0
entity_didn,entity_full,CO_MENTIONED_WITH,1.0
entity_didn,entity_gas,CO_MENTIONED_WITH,1.0
entity_didn,entity_heiko_hees,CO_MENTIONED_WITH,1.0
entity_didn,entity_june,CO_MENTIONED_WITH,1.0
entity_didn,entity_neither,CO_MENTIONED_WITH,1.0
entity_didn,entity_second_price,CO_MENTIONED_WITH,1.0
entity_didn,entity_slot,CO_MENTIONED_WITH,1.0
entity_didn,entity_then,CO_MENTIONED_WITH,1.0
entity_didn,entity_three,CO_MENTIONED_WITH,1.0
entity_didn,entity_total,CO_MENTIONED_WITH,1.0
entity_didn,entity_two,CO_MENTIONED_WITH,1.0
entity_didn,entity_vickrey,CO_MENTIONED_WITH,1.0
entity_didn,entity_vitalik,CO_MENTIONED_WITH,1.0
entity_didn,entity_wayback_machine,CO_MENTIONED_WITH,1.0
entity_eight,entity_eth,CO_MENTIONED_WITH,1.0
entity_eight,entity_ethereum,CO_MENTIONED_WITH,1.0
entity_eight,entity_ethereumhistory,CO_MENTIONED_WITH,1.0
entity_eight,entity_even_vitalik,CO_MENTIONED_WITH,1.0
entity_eight,entity_exact,CO_MENTIONED_WITH,1.0
entity_eight,entity_full,CO_MENTIONED_WITH,1.0
entity_eight,entity_gas,CO_MENTIONED_WITH,1.0
entity_eight,entity_heiko_hees,CO_MENTIONED_WITH,1.0
entity_eight,entity_june,CO_MENTIONED_WITH,1.0
entity_eight,entity_neither,CO_MENTIONED_WITH,1.0
entity_eight,entity_second_price,CO_MENTIONED_WITH,1.0
entity_eight,entity_slot,CO_MENTIONED_WITH,1.0
entity_eight,entity_then,CO_MENTIONED_WITH,1.0
entity_eight,entity_three,CO_MENTIONED_WITH,1.0
entity_eight,entity_total,CO_MENTIONED_WITH,1.0
entity_eight,entity_two,CO_MENTIONED_WITH,1.0
entity_eight,entity_vickrey,CO_MENTIONED_WITH,1.0
entity_eight,entity_vitalik,CO_MENTIONED_WITH,1.0
entity_eight,entity_wayback_machine,CO_MENTIONED_WITH,1.0
entity_eth,entity_ethereum,CO_MENTIONED_WITH,1.0
entity_eth,entity_ethereumhistory,CO_MENTIONED_WITH,1.0
entity_eth,entity_even_vitalik,CO_MENTIONED_WITH,1.0
entity_eth,entity_exact,CO_MENTIONED_WITH,1.0
entity_eth,entity_full,CO_MENTIONED_WITH,1.0
entity_eth,entity_gas,CO_MENTIONED_WITH,1.0
entity_eth,entity_heiko_hees,CO_MENTIONED_WITH,1.0
entity_eth,entity_june,CO_MENTIONED_WITH,1.0
entity_eth,entity_neither,CO_MENTIONED_WITH,1.0
entity_eth,entity_second_price,CO_MENTIONED_WITH,1.0
entity_eth,entity_slot,CO_MENTIONED_WITH,1.0
entity_eth,entity_then,CO_MENTIONED_WITH,1.0
entity_eth,entity_total,CO_MENTIONED_WITH,1.0
entity_eth,entity_two,CO_MENTIONED_WITH,1.0
entity_eth,entity_vickrey,CO_MENTIONED_WITH,1.0
entity_eth,entity_vitalik,CO_MENTIONED_WITH,1.0
entity_eth,entity_wayback_machine,CO_MENTIONED_WITH,1.0
entity_ethereum,entity_ethereumhistory,CO_MENTIONED_WITH,1.0
entity_ethereum,entity_even_vitalik,CO_MENTIONED_WITH,1.0
entity_ethereum,entity_exact,CO_MENTIONED_WITH,1.0
entity_ethereum,entity_full,CO_MENTIONED_WITH,1.0
entity_ethereum,entity_gas,CO_MENTIONED_WITH,1.0
entity_ethereum,entity_heiko_hees,CO_MENTIONED_WITH,1.0
entity_ethereum,entity_june,CO_MENTIONED_WITH,1.0
entity_ethereum,entity_neither,CO_MENTIONED_WITH,1.0
entity_ethereum,entity_second_price,CO_MENTIONED_WITH,1.0
entity_ethereum,entity_slot,CO_MENTIONED_WITH,1.0
entity_ethereum,entity_then,CO_MENTIONED_WITH,1.0
entity_ethereum,entity_three,CO_MENTIONED_WITH,1.0
entity_ethereum,entity_total,CO_MENTIONED_WITH,1.0
entity_ethereum,entity_two,CO_MENTIONED_WITH,1.0
entity_ethereum,entity_vickrey,CO_MENTIONED_WITH,1.0
entity_ethereum,entity_vitalik,CO_MENTIONED_WITH,2.0
entity_ethereum,entity_wayback_machine,CO_MENTIONED_WITH,1.0
entity_ethereumhistory,entity_even_vitalik,CO_MENTIONED_WITH,1.0
entity_ethereumhistory,entity_exact,CO_MENTIONED_WITH,1.0
entity_ethereumhistory,entity_full,CO_MENTIONED_WITH,1.0
entity_ethereumhistory,entity_gas,CO_MENTIONED_WITH,1.0
entity_ethereumhistory,entity_heiko_hees,CO_MENTIONED_WITH,1.0
entity_ethereumhistory,entity_june,CO_MENTIONED_WITH,1.0
entity_ethereumhistory,entity_neither,CO_MENTIONED_WITH,1.0
entity_ethereumhistory,entity_second_price,CO_MENTIONED_WITH,1.0
entity_ethereumhistory,entity_slot,CO_MENTIONED_WITH,1.0
entity_ethereumhistory,entity_then,CO_MENTIONED_WITH,1.0
entity_ethereumhistory,entity_three,CO_MENTIONED_WITH,1.0
entity_ethereumhistory,entity_total,CO_MENTIONED_WITH,1.0
entity_ethereumhistory,entity_two,CO_MENTIONED_WITH,1.0
entity_ethereumhistory,entity_vickrey,CO_MENTIONED_WITH,1.0
entity_ethereumhistory,entity_vitalik,CO_MENTIONED_WITH,1.0
entity_ethereumhistory,entity_wayback_machine,CO_MENTIONED_WITH,1.0
entity_even_vitalik,entity_exact,CO_MENTIONED_WITH,1.0
entity_even_vitalik,entity_full,CO_MENTIONED_WITH,1.0
entity_even_vitalik,entity_gas,CO_MENTIONED_WITH,1.0
entity_even_vitalik,entity_heiko_hees,CO_MENTIONED_WITH,1.0
entity_even_vitalik,entity_june,CO_MENTIONED_WITH,1.0
entity_even_vitalik,entity_neither,CO_MENTIONED_WITH,1.0
entity_even_vitalik,entity_second_price,CO_MENTIONED_WITH,1.0
entity_even_vitalik,entity_slot,CO_MENTIONED_WITH,1.0
entity_even_vitalik,entity_then,CO_MENTIONED_WITH,1.0
entity_even_vitalik,entity_three,CO_MENTIONED_WITH,1.0
entity_even_vitalik,entity_total,CO_MENTIONED_WITH,1.0
entity_even_vitalik,entity_two,CO_MENTIONED_WITH,1.0
entity_even_vitalik,entity_vickrey,CO_MENTIONED_WITH,1.0
entity_even_vitalik,entity_vitalik,CO_MENTIONED_WITH,1.0
entity_even_vitalik,entity_wayback_machine,CO_MENTIONED_WITH,1.0
entity_exact,entity_full,CO_MENTIONED_WITH,1.0
entity_exact,entity_gas,CO_MENTIONED_WITH,1.0
entity_exact,entity_heiko_hees,CO_MENTIONED_WITH,1.0
entity_exact,entity_june,CO_MENTIONED_WITH,1.0
entity_exact,entity_neither,CO_MENTIONED_WITH,1.0
entity_exact,entity_second_price,CO_MENTIONED_WITH,1.0
entity_exact,entity_slot,CO_MENTIONED_WITH,1.0
entity_exact,entity_then,CO_MENTIONED_WITH,1.0
entity_exact,entity_three,CO_MENTIONED_WITH,1.0
entity_exact,entity_total,CO_MENTIONED_WITH,1.0
entity_exact,entity_two,CO_MENTIONED_WITH,1.0
entity_exact,entity_vickrey,CO_MENTIONED_WITH,1.0
entity_exact,entity_vitalik,CO_MENTIONED_WITH,1.0
entity_exact,entity_wayback_machine,CO_MENTIONED_WITH,1.0
entity_full,entity_gas,CO_MENTIONED_WITH,1.0
entity_full,entity_heiko_hees,CO_MENTIONED_WITH,1.0
entity_full,entity_june,CO_MENTIONED_WITH,1.0
entity_full,entity_neither,CO_MENTIONED_WITH,1.0
entity_full,entity_second_price,CO_MENTIONED_WITH,1.0
entity_full,entity_slot,CO_MENTIONED_WITH,1.0
entity_full,entity_then,CO_MENTIONED_WITH,1.0
entity_full,entity_three,CO_MENTIONED_WITH,1.0
entity_full,entity_total,CO_MENTIONED_WITH,1.0
entity_full,entity_two,CO_MENTIONED_WITH,1.0
entity_full,entity_vickrey,CO_MENTIONED_WITH,1.0
entity_full,entity_vitalik,CO_MENTIONED_WITH,1.0
entity_full,entity_wayback_machine,CO_MENTIONED_WITH,1.0
entity_gas,entity_heiko_hees,CO_MENTIONED_WITH,1.0
entity_gas,entity_june,CO_MENTIONED_WITH,1.0
entity_gas,entity_neither,CO_MENTIONED_WITH,1.0
entity_gas,entity_second_price,CO_MENTIONED_WITH,1.0
entity_gas,entity_slot,CO_MENTIONED_WITH,1.0
entity_gas,entity_then,CO_MENTIONED_WITH,1.0
entity_gas,entity_three,CO_MENTIONED_WITH,1.0
entity_gas,entity_total,CO_MENTIONED_WITH,1.0
entity_gas,entity_two,CO_MENTIONED_WITH,1.0
entity_gas,entity_vickrey,CO_MENTIONED_WITH,1.0
entity_gas,entity_vitalik,CO_MENTIONED_WITH,1.0
entity_gas,entity_wayback_machine,CO_MENTIONED_WITH,1.0
entity_heiko_hees,entity_june,CO_MENTIONED_WITH,1.0
entity_heiko_hees,entity_neither,CO_MENTIONED_WITH,1.0
entity_heiko_hees,entity_second_price,CO_MENTIONED_WITH,1.0
entity_heiko_hees,entity_slot,CO_MENTIONED_WITH,1.0
entity_heiko_hees,entity_then,CO_MENTIONED_WITH,1.0
entity_heiko_hees,entity_three,CO_MENTIONED_WITH,1.0
entity_heiko_hees,entity_total,CO_MENTIONED_WITH,1.0
entity_heiko_hees,entity_two,CO_MENTIONED_WITH,1.0
entity_heiko_hees,entity_vickrey,CO_MENTIONED_WITH,1.0
entity_heiko_hees,entity_vitalik,CO_MENTIONED_WITH,1.0
entity_heiko_hees,entity_wayback_machine,CO_MENTIONED_WITH,1.0
entity_june,entity_neither,CO_MENTIONED_WITH,1.0
entity_june,entity_second_price,CO_MENTIONED_WITH,1.0
entity_june,entity_slot,CO_MENTIONED_WITH,1.0
entity_june,entity_then,CO_MENTIONED_WITH,1.0
entity_june,entity_three,CO_MENTIONED_WITH,1.0
entity_june,entity_total,CO_MENTIONED_WITH,1.0
entity_june,entity_two,CO_MENTIONED_WITH,1.0
entity_june,entity_vickrey,CO_MENTIONED_WITH,1.0
entity_june,entity_vitalik,CO_MENTIONED_WITH,1.0
entity_june,entity_wayback_machine,CO_MENTIONED_WITH,1.0
entity_neither,entity_second_price,CO_MENTIONED_WITH,1.0
entity_neither,entity_slot,CO_MENTIONED_WITH,1.0
entity_neither,entity_then,CO_MENTIONED_WITH,1.0
entity_neither,entity_three,CO_MENTIONED_WITH,1.0
entity_neither,entity_total,CO_MENTIONED_WITH,1.0
entity_neither,entity_two,CO_MENTIONED_WITH,1.0
entity_neither,entity_vickrey,CO_MENTIONED_WITH,1.0
entity_neither,entity_vitalik,CO_MENTIONED_WITH,1.0
entity_neither,entity_wayback_machine,CO_MENTIONED_WITH,1.0
entity_second_price,entity_slot,CO_MENTIONED_WITH,1.0
entity_second_price,entity_then,CO_MENTIONED_WITH,1.0
entity_second_price,entity_three,CO_MENTIONED_WITH,1.0
entity_second_price,entity_total,CO_MENTIONED_WITH,1.0
entity_second_price,entity_two,CO_MENTIONED_WITH,1.0
entity_second_price,entity_vickrey,CO_MENTIONED_WITH,1.0
entity_second_price,entity_vitalik,CO_MENTIONED_WITH,1.0
entity_second_price,entity_wayback_machine,CO_MENTIONED_WITH,1.0
entity_slot,entity_then,CO_MENTIONED_WITH,1.0
entity_slot,entity_three,CO_MENTIONED_WITH,1.0
entity_slot,entity_total,CO_MENTIONED_WITH,1.0
entity_slot,entity_two,CO_MENTIONED_WITH,1.0
entity_slot,entity_vickrey,CO_MENTIONED_WITH,1.0
entity_slot,entity_vitalik,CO_MENTIONED_WITH,1.0
entity_slot,entity_wayback_machine,CO_MENTIONED_WITH,1.0
entity_then,entity_three,CO_MENTIONED_WITH,1.0
entity_then,entity_total,CO_MENTIONED_WITH,1.0
entity_then,entity_two,CO_MENTIONED_WITH,1.0
entity_then,entity_vickrey,CO_MENTIONED_WITH,1.0
entity_then,entity_vitalik,CO_MENTIONED_WITH,1.0
entity_then,entity_wayback_machine,CO_MENTIONED_WITH,1.0
entity_three,entity_total,CO_MENTIONED_WITH,1.0
entity_three,entity_two,CO_MENTIONED_WITH,1.0
entity_three,entity_vickrey,CO_MENTIONED_WITH,1.0
entity_three,entity_vitalik,CO_MENTIONED_WITH,1.0
entity_three,entity_wayback_machine,CO_MENTIONED_WITH,1.0
entity_total,entity_two,CO_MENTIONED_WITH,1.0
entity_total,entity_vickrey,CO_MENTIONED_WITH,1.0
entity_total,entity_vitalik,CO_MENTIONED_WITH,1.0
entity_total,entity_wayback_machine,CO_MENTIONED_WITH,1.0
entity_two,entity_vickrey,CO_MENTIONED_WITH,1.0
entity_two,entity_vitalik,CO_MENTIONED_WITH,1.0
entity_two,entity_wayback_machine,CO_MENTIONED_WITH,1.0
entity_vickrey,entity_vitalik,CO_MENTIONED_WITH,1.0
entity_vickrey,entity_wayback_machine,CO_MENTIONED_WITH,1.0
entity_vitalik,entity_wayback_machine,CO_MENTIONED_WITH,1.0
entity_ascii,topic_security,BELONGS_TO,1.0
entity_at_october,topic_security,BELONGS_TO,1.0
entity_both,topic_security,BELONGS_TO,1.0
entity_devcon,topic_security,BELONGS_TO,1.0
entity_didn,topic_security,BELONGS_TO,1.0
entity_eight,topic_security,BELONGS_TO,1.0
entity_ethereumhistory,topic_security,BELONGS_TO,1.0
entity_even_vitalik,topic_security,BELONGS_TO,1.0
entity_exact,topic_security,BELONGS_TO,1.0
entity_full,topic_security,BELONGS_TO,1.0
entity_gas,topic_security,BELONGS_TO,1.0
entity_heiko_hees,topic_security,BELONGS_TO,1.0
entity_june,topic_security,BELONGS_TO,1.0
entity_neither,topic_security,BELONGS_TO,1.0
entity_second_price,topic_security,BELONGS_TO,1.0
entity_slot,topic_security,BELONGS_TO,1.0
entity_then,topic_security,BELONGS_TO,1.0
entity_total,topic_security,BELONGS_TO,1.0
entity_two,topic_security,BELONGS_TO,1.0
entity_vickrey,topic_security,BELONGS_TO,1.0
entity_vitalik,topic_security,BELONGS_TO,1.0
entity_wayback_machine,topic_security,BELONGS_TO,1.0
post_1th3gq8,entity_allow_tokenized_stocks,MENTIONS,1.0
post_1th3gq8,entity_blockchain,MENTIONS,1.0
post_1th3gq8,entity_sec,MENTIONS,1.0
post_1th3gq8,entity_the_sec_is_about,MENTIONS,1.0
entity_allow_tokenized_stocks,entity_blockchain,CO_MENTIONED_WITH,1.0
entity_allow_tokenized_stocks,entity_sec,CO_MENTIONED_WITH,1.0
entity_allow_tokenized_stocks,entity_the_sec_is_about,CO_MENTIONED_WITH,1.0
entity_blockchain,entity_sec,CO_MENTIONED_WITH,1.0
entity_blockchain,entity_the_sec_is_about,CO_MENTIONED_WITH,1.0
entity_sec,entity_the_sec_is_about,CO_MENTIONED_WITH,1.0
entity_allow_tokenized_stocks,topic_institutional_crypto,BELONGS_TO,1.0
entity_blockchain,topic_institutional_crypto,BELONGS_TO,1.0
entity_sec,topic_institutional_crypto,BELONGS_TO,1.0
entity_the_sec_is_about,topic_institutional_crypto,BELONGS_TO,1.0
post_1tgodmq,entity_ai_assisted,MENTIONS,1.0
post_1tgodmq,entity_article,MENTIONS,1.0
post_1tgodmq,entity_ethereum,MENTIONS,1.0
post_1tgodmq,entity_his,MENTIONS,1.0
post_1tgodmq,entity_solidity,MENTIONS,1.0
post_1tgodmq,entity_vitalik,MENTIONS,1.0
entity_ai_assisted,entity_article,CO_MENTIONED_WITH,1.0
entity_ai_assisted,entity_ethereum,CO_MENTIONED_WITH,1.0
entity_ai_assisted,entity_his,CO_MENTIONED_WITH,1.0
entity_ai_assisted,entity_solidity,CO_MENTIONED_WITH,1.0
entity_ai_assisted,entity_vitalik,CO_MENTIONED_WITH,1.0
entity_article,entity_ethereum,CO_MENTIONED_WITH,1.0
entity_article,entity_his,CO_MENTIONED_WITH,1.0
entity_article,entity_solidity,CO_MENTIONED_WITH,1.0
entity_article,entity_vitalik,CO_MENTIONED_WITH,1.0
entity_ethereum,entity_his,CO_MENTIONED_WITH,1.0
entity_ethereum,entity_solidity,CO_MENTIONED_WITH,1.0
entity_his,entity_solidity,CO_MENTIONED_WITH,1.0
entity_his,entity_vitalik,CO_MENTIONED_WITH,1.0
entity_solidity,entity_vitalik,CO_MENTIONED_WITH,1.0
entity_ai_assisted,topic_cross_chain,BELONGS_TO,1.0
entity_article,topic_cross_chain,BELONGS_TO,1.0
entity_his,topic_cross_chain,BELONGS_TO,1.0
entity_solidity,topic_cross_chain,BELONGS_TO,1.0
entity_vitalik,topic_cross_chain,BELONGS_TO,1.0
post_1tcu2m4,entity_aave,MENTIONS,1.0
post_1tcu2m4,entity_defi,MENTIONS,1.0
post_1tcu2m4,entity_tvl,MENTIONS,1.0
entity_tvl,topic_layer2_scaling,BELONGS_TO,1.0
entity_aave,topic_governance,BELONGS_TO,1.0
entity_defi,topic_governance,BELONGS_TO,2.0
entity_tvl,topic_governance,BELONGS_TO,1.0
entity_aave,topic_nft_and_gaming,BELONGS_TO,1.0
entity_defi,topic_nft_and_gaming,BELONGS_TO,1.0
entity_tvl,topic_nft_and_gaming,BELONGS_TO,1.0
post_1tf06ed,entity_instant,MENTIONS,1.0
post_1tf06ed,entity_lido,MENTIONS,1.0
post_1tf06ed,entity_nft,MENTIONS,1.0
post_1tf06ed,entity_nft_is,MENTIONS,1.0
post_1tf06ed,entity_unstake,MENTIONS,1.0
post_1tf06ed,entity_unstake_lido_eth,MENTIONS,1.0
post_1tf06ed,entity_steth,MENTIONS,1.0
entity_instant,entity_lido,CO_MENTIONED_WITH,1.0
entity_instant,entity_nft,CO_MENTIONED_WITH,1.0
entity_instant,entity_nft_is,CO_MENTIONED_WITH,1.0
entity_instant,entity_steth,CO_MENTIONED_WITH,1.0
entity_instant,entity_unstake,CO_MENTIONED_WITH,1.0
entity_instant,entity_unstake_lido_eth,CO_MENTIONED_WITH,1.0
entity_lido,entity_nft,CO_MENTIONED_WITH,1.0
entity_lido,entity_nft_is,CO_MENTIONED_WITH,1.0
entity_lido,entity_steth,CO_MENTIONED_WITH,1.0
entity_lido,entity_unstake,CO_MENTIONED_WITH,1.0
entity_lido,entity_unstake_lido_eth,CO_MENTIONED_WITH,1.0
entity_nft,entity_nft_is,CO_MENTIONED_WITH,1.0
entity_nft,entity_steth,CO_MENTIONED_WITH,1.0
entity_nft,entity_unstake,CO_MENTIONED_WITH,1.0
entity_nft,entity_unstake_lido_eth,CO_MENTIONED_WITH,1.0
entity_nft_is,entity_steth,CO_MENTIONED_WITH,1.0
entity_nft_is,entity_unstake,CO_MENTIONED_WITH,1.0
entity_nft_is,entity_unstake_lido_eth,CO_MENTIONED_WITH,1.0
entity_steth,entity_unstake,CO_MENTIONED_WITH,1.0
entity_steth,entity_unstake_lido_eth,CO_MENTIONED_WITH,1.0
entity_unstake,entity_unstake_lido_eth,CO_MENTIONED_WITH,1.0
entity_instant,topic_nft_and_gaming,BELONGS_TO,1.0
entity_lido,topic_nft_and_gaming,BELONGS_TO,1.0
entity_nft_is,topic_nft_and_gaming,BELONGS_TO,1.0
entity_unstake,topic_nft_and_gaming,BELONGS_TO,1.0
entity_unstake_lido_eth,topic_nft_and_gaming,BELONGS_TO,1.0
entity_steth,topic_nft_and_gaming,BELONGS_TO,1.0
post_1tim0be,entity_access_its_payment_system,MENTIONS,1.0
post_1tim0be,entity_days,MENTIONS,1.0
post_1tim0be,entity_explain_itself_before,MENTIONS,1.0
post_1tim0be,entity_explain_why_crypto_can,MENTIONS,1.0
post_1tim0be,entity_never_had,MENTIONS,1.0
post_1tim0be,entity_the_fed_has,MENTIONS,1.0
entity_access_its_payment_system,entity_days,CO_MENTIONED_WITH,1.0
entity_access_its_payment_system,entity_explain_itself_before,CO_MENTIONED_WITH,1.0
entity_access_its_payment_system,entity_explain_why_crypto_can,CO_MENTIONED_WITH,1.0
entity_access_its_payment_system,entity_never_had,CO_MENTIONED_WITH,1.0
entity_access_its_payment_system,entity_the_fed_has,CO_MENTIONED_WITH,1.0
entity_days,entity_explain_itself_before,CO_MENTIONED_WITH,1.0
entity_days,entity_explain_why_crypto_can,CO_MENTIONED_WITH,1.0
entity_days,entity_never_had,CO_MENTIONED_WITH,1.0
entity_days,entity_the_fed_has,CO_MENTIONED_WITH,1.0
entity_explain_itself_before,entity_explain_why_crypto_can,CO_MENTIONED_WITH,1.0
entity_explain_itself_before,entity_never_had,CO_MENTIONED_WITH,1.0
entity_explain_itself_before,entity_the_fed_has,CO_MENTIONED_WITH,1.0
entity_explain_why_crypto_can,entity_never_had,CO_MENTIONED_WITH,1.0
entity_explain_why_crypto_can,entity_the_fed_has,CO_MENTIONED_WITH,1.0
entity_never_had,entity_the_fed_has,CO_MENTIONED_WITH,1.0
entity_access_its_payment_system,topic_web3_general,BELONGS_TO,1.0
entity_days,topic_web3_general,BELONGS_TO,1.0
entity_explain_itself_before,topic_web3_general,BELONGS_TO,1.0
entity_explain_why_crypto_can,topic_web3_general,BELONGS_TO,1.0
entity_never_had,topic_web3_general,BELONGS_TO,1.0
entity_the_fed_has,topic_web3_general,BELONGS_TO,1.0
post_1titnxf,entity_been,MENTIONS,1.0
post_1titnxf,entity_ethereum,MENTIONS,1.0
post_1titnxf,entity_ethereum_foundation,MENTIONS,1.0
post_1titnxf,entity_makes,MENTIONS,1.0
post_1titnxf,entity_the_ethereum_foundation,MENTIONS,1.0
entity_been,entity_ethereum,CO_MENTIONED_WITH,1.0
entity_been,entity_ethereum_foundation,CO_MENTIONED_WITH,1.0
entity_been,entity_makes,CO_MENTIONED_WITH,1.0
entity_been,entity_the_ethereum_foundation,CO_MENTIONED_WITH,1.0
entity_ethereum,entity_makes,CO_MENTIONED_WITH,1.0
entity_ethereum,entity_the_ethereum_foundation,CO_MENTIONED_WITH,1.0
entity_ethereum_foundation,entity_makes,CO_MENTIONED_WITH,1.0
entity_ethereum_foundation,entity_the_ethereum_foundation,CO_MENTIONED_WITH,1.0
entity_makes,entity_the_ethereum_foundation,CO_MENTIONED_WITH,1.0
entity_been,topic_security,BELONGS_TO,2.0
entity_makes,topic_security,BELONGS_TO,1.0
entity_the_ethereum_foundation,topic_security,BELONGS_TO,1.0
post_1tdr5oj,entity_edit,MENTIONS,1.0
post_1tdr5oj,entity_eth,MENTIONS,1.0
post_1tdr5oj,entity_simpleswap,MENTIONS,1.0
entity_edit,entity_simpleswap,CO_MENTIONED_WITH,1.0
entity_eth,entity_simpleswap,CO_MENTIONED_WITH,1.0
entity_edit,topic_defi,BELONGS_TO,1.0
entity_simpleswap,topic_defi,BELONGS_TO,1.0
post_1tioe3q,entity_bl_4c,MENTIONS,1.0
post_1tioe3q,entity_ethereum,MENTIONS,1.0
post_1tioe3q,entity_fully_airgapped,MENTIONS,1.0
post_1tioe3q,entity_hgxoi4jad_g,MENTIONS,1.0
post_1tioe3q,entity_keycard_shell,MENTIONS,1.0
post_1tioe3q,entity_nfc,MENTIONS,1.0
post_1tioe3q,entity_s_tier,MENTIONS,1.0
post_1tioe3q,entity_shell,MENTIONS,1.0
entity_bl_4c,entity_ethereum,CO_MENTIONED_WITH,1.0
entity_bl_4c,entity_fully_airgapped,CO_MENTIONED_WITH,1.0
entity_bl_4c,entity_hgxoi4jad_g,CO_MENTIONED_WITH,1.0
entity_bl_4c,entity_keycard_shell,CO_MENTIONED_WITH,1.0
entity_bl_4c,entity_nfc,CO_MENTIONED_WITH,1.0
entity_bl_4c,entity_s_tier,CO_MENTIONED_WITH,1.0
entity_bl_4c,entity_shell,CO_MENTIONED_WITH,1.0
entity_ethereum,entity_fully_airgapped,CO_MENTIONED_WITH,1.0
entity_ethereum,entity_hgxoi4jad_g,CO_MENTIONED_WITH,1.0
entity_ethereum,entity_keycard_shell,CO_MENTIONED_WITH,1.0
entity_ethereum,entity_nfc,CO_MENTIONED_WITH,1.0
entity_ethereum,entity_s_tier,CO_MENTIONED_WITH,1.0
entity_ethereum,entity_shell,CO_MENTIONED_WITH,1.0
entity_fully_airgapped,entity_hgxoi4jad_g,CO_MENTIONED_WITH,1.0
entity_fully_airgapped,entity_keycard_shell,CO_MENTIONED_WITH,1.0
entity_fully_airgapped,entity_nfc,CO_MENTIONED_WITH,1.0
entity_fully_airgapped,entity_s_tier,CO_MENTIONED_WITH,1.0
entity_fully_airgapped,entity_shell,CO_MENTIONED_WITH,1.0
entity_hgxoi4jad_g,entity_keycard_shell,CO_MENTIONED_WITH,1.0
entity_hgxoi4jad_g,entity_nfc,CO_MENTIONED_WITH,1.0
entity_hgxoi4jad_g,entity_s_tier,CO_MENTIONED_WITH,1.0
entity_hgxoi4jad_g,entity_shell,CO_MENTIONED_WITH,1.0
entity_keycard_shell,entity_nfc,CO_MENTIONED_WITH,1.0
entity_keycard_shell,entity_s_tier,CO_MENTIONED_WITH,1.0
entity_keycard_shell,entity_shell,CO_MENTIONED_WITH,1.0
entity_nfc,entity_s_tier,CO_MENTIONED_WITH,1.0
entity_nfc,entity_shell,CO_MENTIONED_WITH,1.0
entity_s_tier,entity_shell,CO_MENTIONED_WITH,1.0
entity_bl_4c,topic_security,BELONGS_TO,1.0
entity_fully_airgapped,topic_security,BELONGS_TO,1.0
entity_hgxoi4jad_g,topic_security,BELONGS_TO,1.0
entity_keycard_shell,topic_security,BELONGS_TO,1.0
entity_nfc,topic_security,BELONGS_TO,1.0
entity_s_tier,topic_security,BELONGS_TO,1.0
entity_shell,topic_security,BELONGS_TO,1.0
post_1tdy4x1,entity_ben_edgington,MENTIONS,1.0
post_1tdy4x1,entity_clarity_act,MENTIONS,1.0
post_1tdy4x1,entity_clear,MENTIONS,1.0
post_1tdy4x1,entity_ethereal,MENTIONS,1.0
post_1tdy4x1,entity_senate_banking,MENTIONS,1.0
entity_ben_edgington,entity_clarity_act,CO_MENTIONED_WITH,1.0
entity_ben_edgington,entity_clear,CO_MENTIONED_WITH,1.0
entity_ben_edgington,entity_ethereal,CO_MENTIONED_WITH,1.0
entity_ben_edgington,entity_senate_banking,CO_MENTIONED_WITH,1.0
entity_clarity_act,entity_clear,CO_MENTIONED_WITH,1.0
entity_clarity_act,entity_ethereal,CO_MENTIONED_WITH,1.0
entity_clarity_act,entity_senate_banking,CO_MENTIONED_WITH,1.0
entity_clear,entity_ethereal,CO_MENTIONED_WITH,1.0
entity_clear,entity_senate_banking,CO_MENTIONED_WITH,1.0
entity_ethereal,entity_senate_banking,CO_MENTIONED_WITH,1.0
entity_ben_edgington,topic_security,BELONGS_TO,1.0
entity_clarity_act,topic_security,BELONGS_TO,1.0
entity_clear,topic_security,BELONGS_TO,1.0
entity_ethereal,topic_security,BELONGS_TO,1.0
entity_senate_banking,topic_security,BELONGS_TO,1.0
post_1tfq5kj,entity_build,MENTIONS,1.0
post_1tfq5kj,entity_dex,MENTIONS,1.0
post_1tfq5kj,entity_heyy_guys,MENTIONS,1.0
post_1tfq5kj,entity_uniswap,MENTIONS,1.0
entity_build,entity_dex,CO_MENTIONED_WITH,1.0
entity_build,entity_heyy_guys,CO_MENTIONED_WITH,1.0
entity_build,entity_uniswap,CO_MENTIONED_WITH,1.0
entity_dex,entity_heyy_guys,CO_MENTIONED_WITH,1.0
entity_dex,entity_uniswap,CO_MENTIONED_WITH,1.0
entity_heyy_guys,entity_uniswap,CO_MENTIONED_WITH,1.0
entity_build,topic_governance,BELONGS_TO,1.0
entity_dex,topic_governance,BELONGS_TO,1.0
entity_heyy_guys,topic_governance,BELONGS_TO,1.0
entity_uniswap,topic_governance,BELONGS_TO,1.0
post_1tgm700,entity_eip,MENTIONS,1.0
post_1tgm700,entity_erc,MENTIONS,1.0
entity_eip,entity_erc,CO_MENTIONED_WITH,1.0
entity_eip,topic_security,BELONGS_TO,1.0
entity_erc,topic_security,BELONGS_TO,1.0
entity_eip,topic_stablecoins,BELONGS_TO,1.0
entity_erc,topic_stablecoins,BELONGS_TO,1.0
post_1tepe86,entity_abi_encoded,MENTIONS,1.0
post_1tepe86,entity_architectural_breakdown,MENTIONS,1.0
post_1tepe86,entity_capped,MENTIONS,1.0
post_1tepe86,entity_data,MENTIONS,1.0
post_1tepe86,entity_evm,MENTIONS,1.0
post_1tepe86,entity_evm_events,MENTIONS,1.0
post_1tepe86,entity_full_breakdown,MENTIONS,1.0
post_1tepe86,entity_instead,MENTIONS,1.0
post_1tepe86,entity_passing,MENTIONS,1.0
post_1tepe86,entity_rpc,MENTIONS,1.0
post_1tepe86,entity_rpc_log_filtering_events,MENTIONS,1.0
post_1tepe86,entity_since,MENTIONS,1.0
post_1tepe86,entity_the_blob,MENTIONS,1.0
post_1tepe86,entity_topic,MENTIONS,1.0
post_1tepe86,entity_topics,MENTIONS,1.0
post_1tepe86,entity_transaction_receipts,MENTIONS,1.0
post_1tepe86,entity_transfer,MENTIONS,1.0
post_1tepe86,entity_under,MENTIONS,1.0
post_1tepe86,entity_while,MENTIONS,1.0
entity_abi_encoded,entity_architectural_breakdown,CO_MENTIONED_WITH,1.0
entity_abi_encoded,entity_capped,CO_MENTIONED_WITH,1.0
entity_abi_encoded,entity_data,CO_MENTIONED_WITH,1.0
entity_abi_encoded,entity_evm,CO_MENTIONED_WITH,1.0
entity_abi_encoded,entity_evm_events,CO_MENTIONED_WITH,1.0
entity_abi_encoded,entity_full_breakdown,CO_MENTIONED_WITH,1.0
entity_abi_encoded,entity_instead,CO_MENTIONED_WITH,1.0
entity_abi_encoded,entity_passing,CO_MENTIONED_WITH,1.0
entity_abi_encoded,entity_rpc,CO_MENTIONED_WITH,1.0
entity_abi_encoded,entity_rpc_log_filtering_events,CO_MENTIONED_WITH,1.0
entity_abi_encoded,entity_since,CO_MENTIONED_WITH,1.0
entity_abi_encoded,entity_the_blob,CO_MENTIONED_WITH,1.0
entity_abi_encoded,entity_topic,CO_MENTIONED_WITH,1.0
entity_abi_encoded,entity_topics,CO_MENTIONED_WITH,1.0
entity_abi_encoded,entity_transaction_receipts,CO_MENTIONED_WITH,1.0
entity_abi_encoded,entity_transfer,CO_MENTIONED_WITH,1.0
entity_abi_encoded,entity_under,CO_MENTIONED_WITH,1.0
entity_abi_encoded,entity_while,CO_MENTIONED_WITH,1.0
entity_architectural_breakdown,entity_capped,CO_MENTIONED_WITH,1.0
entity_architectural_breakdown,entity_data,CO_MENTIONED_WITH,1.0
entity_architectural_breakdown,entity_evm,CO_MENTIONED_WITH,1.0
entity_architectural_breakdown,entity_evm_events,CO_MENTIONED_WITH,1.0
entity_architectural_breakdown,entity_full_breakdown,CO_MENTIONED_WITH,1.0
entity_architectural_breakdown,entity_instead,CO_MENTIONED_WITH,1.0
entity_architectural_breakdown,entity_passing,CO_MENTIONED_WITH,1.0
entity_architectural_breakdown,entity_rpc,CO_MENTIONED_WITH,1.0
entity_architectural_breakdown,entity_rpc_log_filtering_events,CO_MENTIONED_WITH,1.0
entity_architectural_breakdown,entity_since,CO_MENTIONED_WITH,1.0
entity_architectural_breakdown,entity_the_blob,CO_MENTIONED_WITH,1.0
entity_architectural_breakdown,entity_topic,CO_MENTIONED_WITH,1.0
entity_architectural_breakdown,entity_topics,CO_MENTIONED_WITH,1.0
entity_architectural_breakdown,entity_transaction_receipts,CO_MENTIONED_WITH,1.0
entity_architectural_breakdown,entity_transfer,CO_MENTIONED_WITH,1.0
entity_architectural_breakdown,entity_under,CO_MENTIONED_WITH,1.0
entity_architectural_breakdown,entity_while,CO_MENTIONED_WITH,1.0
entity_capped,entity_data,CO_MENTIONED_WITH,1.0
entity_capped,entity_evm,CO_MENTIONED_WITH,1.0
entity_capped,entity_evm_events,CO_MENTIONED_WITH,1.0
entity_capped,entity_full_breakdown,CO_MENTIONED_WITH,1.0
entity_capped,entity_instead,CO_MENTIONED_WITH,1.0
entity_capped,entity_passing,CO_MENTIONED_WITH,1.0
entity_capped,entity_rpc,CO_MENTIONED_WITH,1.0
entity_capped,entity_rpc_log_filtering_events,CO_MENTIONED_WITH,1.0
entity_capped,entity_since,CO_MENTIONED_WITH,1.0
entity_capped,entity_the_blob,CO_MENTIONED_WITH,1.0
entity_capped,entity_topic,CO_MENTIONED_WITH,1.0
entity_capped,entity_topics,CO_MENTIONED_WITH,1.0
entity_capped,entity_transaction_receipts,CO_MENTIONED_WITH,1.0
entity_capped,entity_transfer,CO_MENTIONED_WITH,1.0
entity_capped,entity_under,CO_MENTIONED_WITH,1.0
entity_capped,entity_while,CO_MENTIONED_WITH,1.0
entity_data,entity_evm,CO_MENTIONED_WITH,1.0
entity_data,entity_evm_events,CO_MENTIONED_WITH,1.0
entity_data,entity_full_breakdown,CO_MENTIONED_WITH,1.0
entity_data,entity_instead,CO_MENTIONED_WITH,1.0
entity_data,entity_passing,CO_MENTIONED_WITH,1.0
entity_data,entity_rpc,CO_MENTIONED_WITH,1.0
entity_data,entity_rpc_log_filtering_events,CO_MENTIONED_WITH,1.0
entity_data,entity_since,CO_MENTIONED_WITH,1.0
entity_data,entity_the_blob,CO_MENTIONED_WITH,1.0
entity_data,entity_topic,CO_MENTIONED_WITH,1.0
entity_data,entity_topics,CO_MENTIONED_WITH,1.0
entity_data,entity_transaction_receipts,CO_MENTIONED_WITH,1.0
entity_data,entity_transfer,CO_MENTIONED_WITH,1.0
entity_data,entity_under,CO_MENTIONED_WITH,1.0
entity_data,entity_while,CO_MENTIONED_WITH,1.0
entity_evm,entity_evm_events,CO_MENTIONED_WITH,1.0
entity_evm,entity_full_breakdown,CO_MENTIONED_WITH,1.0
entity_evm,entity_instead,CO_MENTIONED_WITH,1.0
entity_evm,entity_passing,CO_MENTIONED_WITH,1.0
entity_evm,entity_rpc,CO_MENTIONED_WITH,1.0
entity_evm,entity_rpc_log_filtering_events,CO_MENTIONED_WITH,1.0
entity_evm,entity_since,CO_MENTIONED_WITH,1.0
entity_evm,entity_the_blob,CO_MENTIONED_WITH,1.0
entity_evm,entity_topic,CO_MENTIONED_WITH,1.0
entity_evm,entity_topics,CO_MENTIONED_WITH,1.0
entity_evm,entity_transaction_receipts,CO_MENTIONED_WITH,1.0
entity_evm,entity_transfer,CO_MENTIONED_WITH,1.0
entity_evm,entity_under,CO_MENTIONED_WITH,1.0
entity_evm,entity_while,CO_MENTIONED_WITH,1.0
entity_evm_events,entity_full_breakdown,CO_MENTIONED_WITH,1.0
entity_evm_events,entity_instead,CO_MENTIONED_WITH,1.0
entity_evm_events,entity_passing,CO_MENTIONED_WITH,1.0
entity_evm_events,entity_rpc,CO_MENTIONED_WITH,1.0
entity_evm_events,entity_rpc_log_filtering_events,CO_MENTIONED_WITH,1.0
entity_evm_events,entity_since,CO_MENTIONED_WITH,1.0
entity_evm_events,entity_the_blob,CO_MENTIONED_WITH,1.0
entity_evm_events,entity_topic,CO_MENTIONED_WITH,1.0
entity_evm_events,entity_topics,CO_MENTIONED_WITH,1.0
entity_evm_events,entity_transaction_receipts,CO_MENTIONED_WITH,1.0
entity_evm_events,entity_transfer,CO_MENTIONED_WITH,1.0
entity_evm_events,entity_under,CO_MENTIONED_WITH,1.0
entity_evm_events,entity_while,CO_MENTIONED_WITH,1.0
entity_full_breakdown,entity_instead,CO_MENTIONED_WITH,1.0
entity_full_breakdown,entity_passing,CO_MENTIONED_WITH,1.0
entity_full_breakdown,entity_rpc,CO_MENTIONED_WITH,1.0
entity_full_breakdown,entity_rpc_log_filtering_events,CO_MENTIONED_WITH,1.0
entity_full_breakdown,entity_since,CO_MENTIONED_WITH,1.0
entity_full_breakdown,entity_the_blob,CO_MENTIONED_WITH,1.0
entity_full_breakdown,entity_topic,CO_MENTIONED_WITH,1.0
entity_full_breakdown,entity_topics,CO_MENTIONED_WITH,1.0
entity_full_breakdown,entity_transaction_receipts,CO_MENTIONED_WITH,1.0
entity_full_breakdown,entity_transfer,CO_MENTIONED_WITH,1.0
entity_full_breakdown,entity_under,CO_MENTIONED_WITH,1.0
entity_full_breakdown,entity_while,CO_MENTIONED_WITH,1.0
entity_instead,entity_passing,CO_MENTIONED_WITH,1.0
entity_instead,entity_rpc,CO_MENTIONED_WITH,1.0
entity_instead,entity_rpc_log_filtering_events,CO_MENTIONED_WITH,1.0
entity_instead,entity_since,CO_MENTIONED_WITH,1.0
entity_instead,entity_the_blob,CO_MENTIONED_WITH,1.0
entity_instead,entity_topic,CO_MENTIONED_WITH,1.0
entity_instead,entity_topics,CO_MENTIONED_WITH,1.0
entity_instead,entity_transaction_receipts,CO_MENTIONED_WITH,1.0
entity_instead,entity_transfer,CO_MENTIONED_WITH,1.0
entity_instead,entity_under,CO_MENTIONED_WITH,1.0
entity_instead,entity_while,CO_MENTIONED_WITH,1.0
entity_passing,entity_rpc,CO_MENTIONED_WITH,1.0
entity_passing,entity_rpc_log_filtering_events,CO_MENTIONED_WITH,1.0
entity_passing,entity_since,CO_MENTIONED_WITH,1.0
entity_passing,entity_the_blob,CO_MENTIONED_WITH,1.0
entity_passing,entity_topic,CO_MENTIONED_WITH,1.0
entity_passing,entity_topics,CO_MENTIONED_WITH,1.0
entity_passing,entity_transaction_receipts,CO_MENTIONED_WITH,1.0
entity_passing,entity_transfer,CO_MENTIONED_WITH,1.0
entity_passing,entity_under,CO_MENTIONED_WITH,1.0
entity_passing,entity_while,CO_MENTIONED_WITH,1.0
entity_rpc,entity_rpc_log_filtering_events,CO_MENTIONED_WITH,1.0
entity_rpc,entity_since,CO_MENTIONED_WITH,1.0
entity_rpc,entity_the_blob,CO_MENTIONED_WITH,1.0
entity_rpc,entity_topic,CO_MENTIONED_WITH,1.0
entity_rpc,entity_topics,CO_MENTIONED_WITH,1.0
entity_rpc,entity_transaction_receipts,CO_MENTIONED_WITH,1.0
entity_rpc,entity_transfer,CO_MENTIONED_WITH,1.0
entity_rpc,entity_under,CO_MENTIONED_WITH,1.0
entity_rpc,entity_while,CO_MENTIONED_WITH,1.0
entity_rpc_log_filtering_events,entity_since,CO_MENTIONED_WITH,1.0
entity_rpc_log_filtering_events,entity_the_blob,CO_MENTIONED_WITH,1.0
entity_rpc_log_filtering_events,entity_topic,CO_MENTIONED_WITH,1.0
entity_rpc_log_filtering_events,entity_topics,CO_MENTIONED_WITH,1.0
entity_rpc_log_filtering_events,entity_transaction_receipts,CO_MENTIONED_WITH,1.0
entity_rpc_log_filtering_events,entity_transfer,CO_MENTIONED_WITH,1.0
entity_rpc_log_filtering_events,entity_under,CO_MENTIONED_WITH,1.0
entity_rpc_log_filtering_events,entity_while,CO_MENTIONED_WITH,1.0
entity_since,entity_the_blob,CO_MENTIONED_WITH,1.0
entity_since,entity_topic,CO_MENTIONED_WITH,1.0
entity_since,entity_topics,CO_MENTIONED_WITH,1.0
entity_since,entity_transaction_receipts,CO_MENTIONED_WITH,1.0
entity_since,entity_transfer,CO_MENTIONED_WITH,1.0
entity_since,entity_under,CO_MENTIONED_WITH,1.0
entity_since,entity_while,CO_MENTIONED_WITH,1.0
entity_the_blob,entity_topic,CO_MENTIONED_WITH,1.0
entity_the_blob,entity_topics,CO_MENTIONED_WITH,1.0
entity_the_blob,entity_transaction_receipts,CO_MENTIONED_WITH,1.0
entity_the_blob,entity_transfer,CO_MENTIONED_WITH,1.0
entity_the_blob,entity_under,CO_MENTIONED_WITH,1.0
entity_the_blob,entity_while,CO_MENTIONED_WITH,1.0
entity_topic,entity_topics,CO_MENTIONED_WITH,1.0
entity_topic,entity_transaction_receipts,CO_MENTIONED_WITH,1.0
entity_topic,entity_transfer,CO_MENTIONED_WITH,1.0
entity_topic,entity_under,CO_MENTIONED_WITH,1.0
entity_topic,entity_while,CO_MENTIONED_WITH,1.0
entity_topics,entity_transaction_receipts,CO_MENTIONED_WITH,1.0
entity_topics,entity_transfer,CO_MENTIONED_WITH,1.0
entity_topics,entity_under,CO_MENTIONED_WITH,1.0
entity_topics,entity_while,CO_MENTIONED_WITH,1.0
entity_transaction_receipts,entity_transfer,CO_MENTIONED_WITH,1.0
entity_transaction_receipts,entity_under,CO_MENTIONED_WITH,1.0
entity_transaction_receipts,entity_while,CO_MENTIONED_WITH,1.0
entity_transfer,entity_under,CO_MENTIONED_WITH,1.0
entity_transfer,entity_while,CO_MENTIONED_WITH,1.0
entity_under,entity_while,CO_MENTIONED_WITH,1.0
entity_abi_encoded,topic_layer2_scaling,BELONGS_TO,1.0
entity_architectural_breakdown,topic_layer2_scaling,BELONGS_TO,1.0
entity_capped,topic_layer2_scaling,BELONGS_TO,1.0
entity_data,topic_layer2_scaling,BELONGS_TO,1.0
entity_evm,topic_layer2_scaling,BELONGS_TO,1.0
entity_evm_events,topic_layer2_scaling,BELONGS_TO,1.0
entity_full_breakdown,topic_layer2_scaling,BELONGS_TO,1.0
entity_instead,topic_layer2_scaling,BELONGS_TO,1.0
entity_passing,topic_layer2_scaling,BELONGS_TO,1.0
entity_rpc,topic_layer2_scaling,BELONGS_TO,1.0
entity_rpc_log_filtering_events,topic_layer2_scaling,BELONGS_TO,1.0
entity_since,topic_layer2_scaling,BELONGS_TO,1.0
entity_the_blob,topic_layer2_scaling,BELONGS_TO,1.0
entity_topic,topic_layer2_scaling,BELONGS_TO,1.0
entity_topics,topic_layer2_scaling,BELONGS_TO,1.0
entity_transaction_receipts,topic_layer2_scaling,BELONGS_TO,1.0
entity_transfer,topic_layer2_scaling,BELONGS_TO,1.0
entity_under,topic_layer2_scaling,BELONGS_TO,1.0
entity_while,topic_layer2_scaling,BELONGS_TO,1.0
post_1tirbet,entity_besu,MENTIONS,1.0
post_1tirbet,entity_encrypt_the_mempool,MENTIONS,1.0
post_1tirbet,entity_justin,MENTIONS,1.0
post_1tirbet,entity_luis,MENTIONS,1.0
post_1tirbet,entity_shutter,MENTIONS,1.0
entity_besu,entity_encrypt_the_mempool,CO_MENTIONED_WITH,1.0
entity_besu,entity_justin,CO_MENTIONED_WITH,1.0
entity_besu,entity_luis,CO_MENTIONED_WITH,1.0
entity_besu,entity_shutter,CO_MENTIONED_WITH,1.0
entity_encrypt_the_mempool,entity_justin,CO_MENTIONED_WITH,1.0
entity_encrypt_the_mempool,entity_luis,CO_MENTIONED_WITH,1.0
entity_encrypt_the_mempool,entity_shutter,CO_MENTIONED_WITH,1.0
entity_justin,entity_luis,CO_MENTIONED_WITH,1.0
entity_justin,entity_shutter,CO_MENTIONED_WITH,1.0
entity_luis,entity_shutter,CO_MENTIONED_WITH,1.0
entity_besu,topic_web3_general,BELONGS_TO,1.0
entity_encrypt_the_mempool,topic_web3_general,BELONGS_TO,1.0
entity_justin,topic_web3_general,BELONGS_TO,1.0
entity_luis,topic_web3_general,BELONGS_TO,1.0
entity_shutter,topic_web3_general,BELONGS_TO,1.0
post_1tdp2jc,entity_defi,MENTIONS,1.0
post_1tdp2jc,entity_without,MENTIONS,1.0
entity_defi,entity_without,CO_MENTIONED_WITH,1.0
entity_without,topic_defi,BELONGS_TO,1.0
entity_without,topic_governance,BELONGS_TO,1.0
entity_without,topic_stablecoins,BELONGS_TO,1.0
post_1tig0e4,entity_alpenglow,MENTIONS,1.0
post_1tig0e4,entity_buidl,MENTIONS,1.0
post_1tig0e4,entity_blackrock,MENTIONS,1.0
post_1tig0e4,entity_chain_gdp,MENTIONS,1.0
post_1tig0e4,entity_defi,MENTIONS,1.0
post_1tig0e4,entity_defi_tvl,MENTIONS,1.0
post_1tig0e4,entity_despite,MENTIONS,1.0
post_1tig0e4,entity_messari,MENTIONS,1.0
post_1tig0e4,entity_pump,MENTIONS,1.0
post_1tig0e4,entity_rwa,MENTIONS,1.0
post_1tig0e4,entity_real_world,MENTIONS,1.0
post_1tig0e4,entity_sol,MENTIONS,1.0
post_1tig0e4,entity_solana,MENTIONS,1.0
post_1tig0e4,entity_solana_q1,MENTIONS,1.0
post_1tig0e4,entity_state,MENTIONS,1.0
post_1tig0e4,entity_validator,MENTIONS,1.0
entity_alpenglow,entity_blackrock,CO_MENTIONED_WITH,1.0
entity_alpenglow,entity_buidl,CO_MENTIONED_WITH,1.0
entity_alpenglow,entity_chain_gdp,CO_MENTIONED_WITH,1.0
entity_alpenglow,entity_defi,CO_MENTIONED_WITH,1.0
entity_alpenglow,entity_defi_tvl,CO_MENTIONED_WITH,1.0
entity_alpenglow,entity_despite,CO_MENTIONED_WITH,1.0
entity_alpenglow,entity_messari,CO_MENTIONED_WITH,1.0
entity_alpenglow,entity_pump,CO_MENTIONED_WITH,1.0
entity_alpenglow,entity_real_world,CO_MENTIONED_WITH,1.0
entity_alpenglow,entity_rwa,CO_MENTIONED_WITH,1.0
entity_alpenglow,entity_sol,CO_MENTIONED_WITH,1.0
entity_alpenglow,entity_solana,CO_MENTIONED_WITH,2.0
entity_alpenglow,entity_solana_q1,CO_MENTIONED_WITH,1.0
entity_alpenglow,entity_state,CO_MENTIONED_WITH,1.0
entity_alpenglow,entity_validator,CO_MENTIONED_WITH,1.0
entity_blackrock,entity_buidl,CO_MENTIONED_WITH,1.0
entity_blackrock,entity_chain_gdp,CO_MENTIONED_WITH,1.0
entity_blackrock,entity_defi,CO_MENTIONED_WITH,1.0
entity_blackrock,entity_defi_tvl,CO_MENTIONED_WITH,1.0
entity_blackrock,entity_despite,CO_MENTIONED_WITH,1.0
entity_blackrock,entity_messari,CO_MENTIONED_WITH,1.0
entity_blackrock,entity_pump,CO_MENTIONED_WITH,1.0
entity_blackrock,entity_real_world,CO_MENTIONED_WITH,1.0
entity_blackrock,entity_rwa,CO_MENTIONED_WITH,1.0
entity_blackrock,entity_sol,CO_MENTIONED_WITH,1.0
entity_blackrock,entity_solana,CO_MENTIONED_WITH,1.0
entity_blackrock,entity_solana_q1,CO_MENTIONED_WITH,1.0
entity_blackrock,entity_state,CO_MENTIONED_WITH,1.0
entity_blackrock,entity_validator,CO_MENTIONED_WITH,1.0
entity_buidl,entity_chain_gdp,CO_MENTIONED_WITH,1.0
entity_buidl,entity_defi,CO_MENTIONED_WITH,1.0
entity_buidl,entity_defi_tvl,CO_MENTIONED_WITH,1.0
entity_buidl,entity_despite,CO_MENTIONED_WITH,1.0
entity_buidl,entity_messari,CO_MENTIONED_WITH,1.0
entity_buidl,entity_pump,CO_MENTIONED_WITH,1.0
entity_buidl,entity_real_world,CO_MENTIONED_WITH,1.0
entity_buidl,entity_rwa,CO_MENTIONED_WITH,2.0
entity_buidl,entity_sol,CO_MENTIONED_WITH,1.0
entity_buidl,entity_solana,CO_MENTIONED_WITH,2.0
entity_buidl,entity_solana_q1,CO_MENTIONED_WITH,1.0
entity_buidl,entity_state,CO_MENTIONED_WITH,1.0
entity_buidl,entity_validator,CO_MENTIONED_WITH,1.0
entity_chain_gdp,entity_defi,CO_MENTIONED_WITH,1.0
entity_chain_gdp,entity_defi_tvl,CO_MENTIONED_WITH,1.0
entity_chain_gdp,entity_despite,CO_MENTIONED_WITH,1.0
entity_chain_gdp,entity_messari,CO_MENTIONED_WITH,1.0
entity_chain_gdp,entity_pump,CO_MENTIONED_WITH,1.0
entity_chain_gdp,entity_real_world,CO_MENTIONED_WITH,1.0
entity_chain_gdp,entity_rwa,CO_MENTIONED_WITH,1.0
entity_chain_gdp,entity_sol,CO_MENTIONED_WITH,1.0
entity_chain_gdp,entity_solana,CO_MENTIONED_WITH,1.0
entity_chain_gdp,entity_solana_q1,CO_MENTIONED_WITH,1.0
entity_chain_gdp,entity_state,CO_MENTIONED_WITH,1.0
entity_chain_gdp,entity_validator,CO_MENTIONED_WITH,1.0
entity_defi,entity_defi_tvl,CO_MENTIONED_WITH,1.0
entity_defi,entity_despite,CO_MENTIONED_WITH,1.0
entity_defi,entity_messari,CO_MENTIONED_WITH,1.0
entity_defi,entity_pump,CO_MENTIONED_WITH,1.0
entity_defi,entity_real_world,CO_MENTIONED_WITH,1.0
entity_defi,entity_rwa,CO_MENTIONED_WITH,1.0
entity_defi,entity_sol,CO_MENTIONED_WITH,1.0
entity_defi,entity_solana_q1,CO_MENTIONED_WITH,1.0
entity_defi,entity_state,CO_MENTIONED_WITH,1.0
entity_defi,entity_validator,CO_MENTIONED_WITH,1.0
entity_defi_tvl,entity_despite,CO_MENTIONED_WITH,1.0
entity_defi_tvl,entity_messari,CO_MENTIONED_WITH,1.0
entity_defi_tvl,entity_pump,CO_MENTIONED_WITH,1.0
entity_defi_tvl,entity_real_world,CO_MENTIONED_WITH,1.0
entity_defi_tvl,entity_rwa,CO_MENTIONED_WITH,1.0
entity_defi_tvl,entity_sol,CO_MENTIONED_WITH,1.0
entity_defi_tvl,entity_solana,CO_MENTIONED_WITH,1.0
entity_defi_tvl,entity_solana_q1,CO_MENTIONED_WITH,1.0
entity_defi_tvl,entity_state,CO_MENTIONED_WITH,1.0
entity_defi_tvl,entity_validator,CO_MENTIONED_WITH,1.0
entity_despite,entity_messari,CO_MENTIONED_WITH,1.0
entity_despite,entity_pump,CO_MENTIONED_WITH,1.0
entity_despite,entity_real_world,CO_MENTIONED_WITH,1.0
entity_despite,entity_rwa,CO_MENTIONED_WITH,1.0
entity_despite,entity_sol,CO_MENTIONED_WITH,1.0
entity_despite,entity_solana,CO_MENTIONED_WITH,1.0
entity_despite,entity_solana_q1,CO_MENTIONED_WITH,1.0
entity_despite,entity_state,CO_MENTIONED_WITH,1.0
entity_despite,entity_validator,CO_MENTIONED_WITH,1.0
entity_messari,entity_pump,CO_MENTIONED_WITH,1.0
entity_messari,entity_real_world,CO_MENTIONED_WITH,1.0
entity_messari,entity_rwa,CO_MENTIONED_WITH,1.0
entity_messari,entity_sol,CO_MENTIONED_WITH,1.0
entity_messari,entity_solana,CO_MENTIONED_WITH,1.0
entity_messari,entity_solana_q1,CO_MENTIONED_WITH,1.0
entity_messari,entity_state,CO_MENTIONED_WITH,1.0
entity_messari,entity_validator,CO_MENTIONED_WITH,1.0
entity_pump,entity_real_world,CO_MENTIONED_WITH,1.0
entity_pump,entity_rwa,CO_MENTIONED_WITH,1.0
entity_pump,entity_sol,CO_MENTIONED_WITH,1.0
entity_pump,entity_solana,CO_MENTIONED_WITH,1.0
entity_pump,entity_solana_q1,CO_MENTIONED_WITH,1.0
entity_pump,entity_state,CO_MENTIONED_WITH,1.0
entity_pump,entity_validator,CO_MENTIONED_WITH,1.0
entity_real_world,entity_rwa,CO_MENTIONED_WITH,1.0
entity_real_world,entity_sol,CO_MENTIONED_WITH,1.0
entity_real_world,entity_solana,CO_MENTIONED_WITH,1.0
entity_real_world,entity_solana_q1,CO_MENTIONED_WITH,1.0
entity_real_world,entity_state,CO_MENTIONED_WITH,1.0
entity_real_world,entity_validator,CO_MENTIONED_WITH,1.0
entity_rwa,entity_sol,CO_MENTIONED_WITH,1.0
entity_rwa,entity_solana,CO_MENTIONED_WITH,2.0
entity_rwa,entity_solana_q1,CO_MENTIONED_WITH,1.0
entity_rwa,entity_state,CO_MENTIONED_WITH,1.0
entity_rwa,entity_validator,CO_MENTIONED_WITH,1.0
entity_sol,entity_solana,CO_MENTIONED_WITH,2.0
entity_sol,entity_solana_q1,CO_MENTIONED_WITH,1.0
entity_sol,entity_state,CO_MENTIONED_WITH,1.0
entity_sol,entity_validator,CO_MENTIONED_WITH,1.0
entity_solana,entity_solana_q1,CO_MENTIONED_WITH,1.0
entity_solana,entity_state,CO_MENTIONED_WITH,1.0
entity_solana,entity_validator,CO_MENTIONED_WITH,1.0
entity_solana_q1,entity_state,CO_MENTIONED_WITH,1.0
entity_solana_q1,entity_validator,CO_MENTIONED_WITH,1.0
entity_state,entity_validator,CO_MENTIONED_WITH,1.0
entity_alpenglow,topic_defi,BELONGS_TO,1.0
entity_buidl,topic_defi,BELONGS_TO,1.0
entity_blackrock,topic_defi,BELONGS_TO,1.0
entity_chain_gdp,topic_defi,BELONGS_TO,1.0
entity_defi_tvl,topic_defi,BELONGS_TO,1.0
entity_despite,topic_defi,BELONGS_TO,1.0
entity_messari,topic_defi,BELONGS_TO,1.0
entity_pump,topic_defi,BELONGS_TO,1.0
entity_rwa,topic_defi,BELONGS_TO,1.0
entity_real_world,topic_defi,BELONGS_TO,1.0
entity_sol,topic_defi,BELONGS_TO,2.0
entity_solana_q1,topic_defi,BELONGS_TO,1.0
entity_state,topic_defi,BELONGS_TO,1.0
entity_validator,topic_defi,BELONGS_TO,1.0
entity_alpenglow,topic_institutional_crypto,BELONGS_TO,1.0
entity_buidl,topic_institutional_crypto,BELONGS_TO,1.0
entity_blackrock,topic_institutional_crypto,BELONGS_TO,1.0
entity_chain_gdp,topic_institutional_crypto,BELONGS_TO,1.0
entity_defi,topic_institutional_crypto,BELONGS_TO,2.0
entity_defi_tvl,topic_institutional_crypto,BELONGS_TO,1.0
entity_despite,topic_institutional_crypto,BELONGS_TO,1.0
entity_messari,topic_institutional_crypto,BELONGS_TO,1.0
entity_pump,topic_institutional_crypto,BELONGS_TO,1.0
entity_rwa,topic_institutional_crypto,BELONGS_TO,1.0
entity_real_world,topic_institutional_crypto,BELONGS_TO,1.0
entity_sol,topic_institutional_crypto,BELONGS_TO,1.0
entity_solana,topic_institutional_crypto,BELONGS_TO,1.0
entity_solana_q1,topic_institutional_crypto,BELONGS_TO,1.0
entity_state,topic_institutional_crypto,BELONGS_TO,1.0
entity_validator,topic_institutional_crypto,BELONGS_TO,1.0
post_1tifsjz,entity_been,MENTIONS,1.0
post_1tifsjz,entity_curious,MENTIONS,1.0
post_1tifsjz,entity_is_phantom,MENTIONS,1.0
post_1tifsjz,entity_phantom,MENTIONS,1.0
post_1tifsjz,entity_solana,MENTIONS,1.0
post_1tifsjz,entity_solflare,MENTIONS,1.0
post_1tifsjz,entity_works,MENTIONS,1.0
entity_been,entity_curious,CO_MENTIONED_WITH,1.0
entity_been,entity_is_phantom,CO_MENTIONED_WITH,1.0
entity_been,entity_phantom,CO_MENTIONED_WITH,1.0
entity_been,entity_solana,CO_MENTIONED_WITH,1.0
entity_been,entity_solflare,CO_MENTIONED_WITH,1.0
entity_been,entity_works,CO_MENTIONED_WITH,1.0
entity_curious,entity_is_phantom,CO_MENTIONED_WITH,1.0
entity_curious,entity_phantom,CO_MENTIONED_WITH,1.0
entity_curious,entity_solana,CO_MENTIONED_WITH,1.0
entity_curious,entity_solflare,CO_MENTIONED_WITH,1.0
entity_curious,entity_works,CO_MENTIONED_WITH,1.0
entity_is_phantom,entity_phantom,CO_MENTIONED_WITH,1.0
entity_is_phantom,entity_solana,CO_MENTIONED_WITH,1.0
entity_is_phantom,entity_solflare,CO_MENTIONED_WITH,1.0
entity_is_phantom,entity_works,CO_MENTIONED_WITH,1.0
entity_phantom,entity_solflare,CO_MENTIONED_WITH,1.0
entity_phantom,entity_works,CO_MENTIONED_WITH,1.0
entity_solana,entity_solflare,CO_MENTIONED_WITH,1.0
entity_solana,entity_works,CO_MENTIONED_WITH,1.0
entity_solflare,entity_works,CO_MENTIONED_WITH,1.0
entity_curious,topic_security,BELONGS_TO,2.0
entity_is_phantom,topic_security,BELONGS_TO,1.0
entity_solflare,topic_security,BELONGS_TO,1.0
entity_works,topic_security,BELONGS_TO,1.0
post_1tigehl,entity_dex,MENTIONS,1.0
post_1tigehl,entity_synapse,MENTIONS,1.0
entity_dex,entity_synapse,CO_MENTIONED_WITH,1.0
entity_dex,topic_cross_chain,BELONGS_TO,1.0
entity_synapse,topic_cross_chain,BELONGS_TO,1.0
post_1tidx0t,entity_fine,MENTIONS,1.0
post_1tidx0t,entity_put,MENTIONS,1.0
post_1tidx0t,entity_sol,MENTIONS,1.0
post_1tidx0t,entity_tried,MENTIONS,1.0
post_1tidx0t,entity_usdc,MENTIONS,1.0
entity_fine,entity_put,CO_MENTIONED_WITH,1.0
entity_fine,entity_sol,CO_MENTIONED_WITH,1.0
entity_fine,entity_tried,CO_MENTIONED_WITH,1.0
entity_fine,entity_usdc,CO_MENTIONED_WITH,1.0
entity_put,entity_sol,CO_MENTIONED_WITH,1.0
entity_put,entity_tried,CO_MENTIONED_WITH,1.0
entity_put,entity_usdc,CO_MENTIONED_WITH,1.0
entity_sol,entity_tried,CO_MENTIONED_WITH,1.0
entity_sol,entity_usdc,CO_MENTIONED_WITH,1.0
entity_fine,topic_defi,BELONGS_TO,1.0
entity_put,topic_defi,BELONGS_TO,1.0
entity_tried,topic_defi,BELONGS_TO,1.0
entity_fine,topic_layer2_scaling,BELONGS_TO,1.0
entity_put,topic_layer2_scaling,BELONGS_TO,1.0
entity_sol,topic_layer2_scaling,BELONGS_TO,1.0
entity_tried,topic_layer2_scaling,BELONGS_TO,1.0
entity_fine,topic_stablecoins,BELONGS_TO,1.0
entity_put,topic_stablecoins,BELONGS_TO,1.0
entity_sol,topic_stablecoins,BELONGS_TO,1.0
post_1tii4wj,entity_eliminate_swap_drift,MENTIONS,1.0
post_1tii4wj,entity_jupiter,MENTIONS,1.0
post_1tii4wj,entity_jupiter_launches_metis_v8,MENTIONS,1.0
post_1tii4wj,entity_jupiterexchange,MENTIONS,1.0
post_1tii4wj,entity_metis_v8,MENTIONS,1.0
post_1tii4wj,entity_solana,MENTIONS,1.0
post_1tii4wj,entity_solana_jupiter_exchange,MENTIONS,1.0
post_1tii4wj,entity_users,MENTIONS,1.0
entity_eliminate_swap_drift,entity_jupiter,CO_MENTIONED_WITH,1.0
entity_eliminate_swap_drift,entity_jupiter_launches_metis_v8,CO_MENTIONED_WITH,1.0
entity_eliminate_swap_drift,entity_jupiterexchange,CO_MENTIONED_WITH,1.0
entity_eliminate_swap_drift,entity_metis_v8,CO_MENTIONED_WITH,1.0
entity_eliminate_swap_drift,entity_solana,CO_MENTIONED_WITH,1.0
entity_eliminate_swap_drift,entity_solana_jupiter_exchange,CO_MENTIONED_WITH,1.0
entity_eliminate_swap_drift,entity_users,CO_MENTIONED_WITH,1.0
entity_jupiter,entity_jupiter_launches_metis_v8,CO_MENTIONED_WITH,1.0
entity_jupiter,entity_jupiterexchange,CO_MENTIONED_WITH,1.0
entity_jupiter,entity_metis_v8,CO_MENTIONED_WITH,1.0
entity_jupiter,entity_solana,CO_MENTIONED_WITH,2.0
entity_jupiter,entity_solana_jupiter_exchange,CO_MENTIONED_WITH,1.0
entity_jupiter,entity_users,CO_MENTIONED_WITH,1.0
entity_jupiter_launches_metis_v8,entity_jupiterexchange,CO_MENTIONED_WITH,1.0
entity_jupiter_launches_metis_v8,entity_metis_v8,CO_MENTIONED_WITH,1.0
entity_jupiter_launches_metis_v8,entity_solana,CO_MENTIONED_WITH,1.0
entity_jupiter_launches_metis_v8,entity_solana_jupiter_exchange,CO_MENTIONED_WITH,1.0
entity_jupiter_launches_metis_v8,entity_users,CO_MENTIONED_WITH,1.0
entity_jupiterexchange,entity_metis_v8,CO_MENTIONED_WITH,1.0
entity_jupiterexchange,entity_solana,CO_MENTIONED_WITH,1.0
entity_jupiterexchange,entity_solana_jupiter_exchange,CO_MENTIONED_WITH,1.0
entity_jupiterexchange,entity_users,CO_MENTIONED_WITH,1.0
entity_metis_v8,entity_solana,CO_MENTIONED_WITH,1.0
entity_metis_v8,entity_solana_jupiter_exchange,CO_MENTIONED_WITH,1.0
entity_metis_v8,entity_users,CO_MENTIONED_WITH,1.0
entity_solana,entity_solana_jupiter_exchange,CO_MENTIONED_WITH,1.0
entity_solana,entity_users,CO_MENTIONED_WITH,1.0
entity_solana_jupiter_exchange,entity_users,CO_MENTIONED_WITH,1.0
entity_eliminate_swap_drift,topic_defi,BELONGS_TO,1.0
entity_jupiter,topic_defi,BELONGS_TO,1.0
entity_jupiter_launches_metis_v8,topic_defi,BELONGS_TO,1.0
entity_jupiterexchange,topic_defi,BELONGS_TO,1.0
entity_metis_v8,topic_defi,BELONGS_TO,1.0
entity_solana_jupiter_exchange,topic_defi,BELONGS_TO,1.0
entity_users,topic_defi,BELONGS_TO,1.0
post_1tiq7mw,entity_solana,MENTIONS,1.0
post_1tiq7mw,entity_solana_tech_pulse,MENTIONS,1.0
entity_solana,entity_solana_tech_pulse,CO_MENTIONED_WITH,1.0
entity_solana,topic_web3_general,BELONGS_TO,8.0
entity_solana_tech_pulse,topic_web3_general,BELONGS_TO,1.0
post_1tipe2k,entity_another_tps_lead,MENTIONS,1.0
post_1tipe2k,entity_another_week,MENTIONS,1.0
post_1tipe2k,entity_ecosystem,MENTIONS,1.0
post_1tipe2k,entity_full,MENTIONS,1.0
post_1tipe2k,entity_scalability,MENTIONS,1.0
post_1tipe2k,entity_solana,MENTIONS,1.0
post_1tipe2k,entity_solana_solana,MENTIONS,1.0
post_1tipe2k,entity_still,MENTIONS,1.0
post_1tipe2k,entity_tps,MENTIONS,1.0
entity_another_tps_lead,entity_another_week,CO_MENTIONED_WITH,1.0
entity_another_tps_lead,entity_ecosystem,CO_MENTIONED_WITH,1.0
entity_another_tps_lead,entity_full,CO_MENTIONED_WITH,1.0
entity_another_tps_lead,entity_scalability,CO_MENTIONED_WITH,1.0
entity_another_tps_lead,entity_solana,CO_MENTIONED_WITH,1.0
entity_another_tps_lead,entity_solana_solana,CO_MENTIONED_WITH,1.0
entity_another_tps_lead,entity_still,CO_MENTIONED_WITH,1.0
entity_another_tps_lead,entity_tps,CO_MENTIONED_WITH,1.0
entity_another_week,entity_ecosystem,CO_MENTIONED_WITH,1.0
entity_another_week,entity_full,CO_MENTIONED_WITH,1.0
entity_another_week,entity_scalability,CO_MENTIONED_WITH,1.0
entity_another_week,entity_solana,CO_MENTIONED_WITH,1.0
entity_another_week,entity_solana_solana,CO_MENTIONED_WITH,1.0
entity_another_week,entity_still,CO_MENTIONED_WITH,1.0
entity_another_week,entity_tps,CO_MENTIONED_WITH,1.0
entity_ecosystem,entity_full,CO_MENTIONED_WITH,1.0
entity_ecosystem,entity_scalability,CO_MENTIONED_WITH,1.0
entity_ecosystem,entity_solana,CO_MENTIONED_WITH,1.0
entity_ecosystem,entity_solana_solana,CO_MENTIONED_WITH,1.0
entity_ecosystem,entity_still,CO_MENTIONED_WITH,1.0
entity_ecosystem,entity_tps,CO_MENTIONED_WITH,1.0
entity_full,entity_scalability,CO_MENTIONED_WITH,1.0
entity_full,entity_solana,CO_MENTIONED_WITH,1.0
entity_full,entity_solana_solana,CO_MENTIONED_WITH,1.0
entity_full,entity_still,CO_MENTIONED_WITH,1.0
entity_full,entity_tps,CO_MENTIONED_WITH,1.0
entity_scalability,entity_solana,CO_MENTIONED_WITH,1.0
entity_scalability,entity_solana_solana,CO_MENTIONED_WITH,1.0
entity_scalability,entity_still,CO_MENTIONED_WITH,1.0
entity_scalability,entity_tps,CO_MENTIONED_WITH,1.0
entity_solana,entity_solana_solana,CO_MENTIONED_WITH,1.0
entity_solana,entity_still,CO_MENTIONED_WITH,1.0
entity_solana,entity_tps,CO_MENTIONED_WITH,1.0
entity_solana_solana,entity_still,CO_MENTIONED_WITH,1.0
entity_solana_solana,entity_tps,CO_MENTIONED_WITH,1.0
entity_still,entity_tps,CO_MENTIONED_WITH,1.0
entity_another_tps_lead,topic_web3_general,BELONGS_TO,1.0
entity_another_week,topic_web3_general,BELONGS_TO,1.0
entity_ecosystem,topic_web3_general,BELONGS_TO,1.0
entity_full,topic_web3_general,BELONGS_TO,1.0
entity_scalability,topic_web3_general,BELONGS_TO,1.0
entity_solana_solana,topic_web3_general,BELONGS_TO,1.0
entity_still,topic_web3_general,BELONGS_TO,1.0
entity_tps,topic_web3_general,BELONGS_TO,1.0
post_1tiny7e,entity_alpenglow,MENTIONS,1.0
post_1tiny7e,entity_clarity_act_advances,MENTIONS,1.0
post_1tiny7e,entity_more,MENTIONS,1.0
post_1tiny7e,entity_solana,MENTIONS,1.0
post_1tiny7e,entity_solana_perps_ath,MENTIONS,1.0
post_1tiny7e,entity_solanafloor_podcast,MENTIONS,1.0
entity_alpenglow,entity_clarity_act_advances,CO_MENTIONED_WITH,1.0
entity_alpenglow,entity_more,CO_MENTIONED_WITH,1.0
entity_alpenglow,entity_solana_perps_ath,CO_MENTIONED_WITH,1.0
entity_alpenglow,entity_solanafloor_podcast,CO_MENTIONED_WITH,1.0
entity_clarity_act_advances,entity_more,CO_MENTIONED_WITH,1.0
entity_clarity_act_advances,entity_solana,CO_MENTIONED_WITH,1.0
entity_clarity_act_advances,entity_solana_perps_ath,CO_MENTIONED_WITH,1.0
entity_clarity_act_advances,entity_solanafloor_podcast,CO_MENTIONED_WITH,1.0
entity_more,entity_solana,CO_MENTIONED_WITH,1.0
entity_more,entity_solana_perps_ath,CO_MENTIONED_WITH,1.0
entity_more,entity_solanafloor_podcast,CO_MENTIONED_WITH,1.0
entity_solana,entity_solana_perps_ath,CO_MENTIONED_WITH,1.0
entity_solana,entity_solanafloor_podcast,CO_MENTIONED_WITH,1.0
entity_solana_perps_ath,entity_solanafloor_podcast,CO_MENTIONED_WITH,1.0
entity_alpenglow,topic_web3_general,BELONGS_TO,1.0
entity_clarity_act_advances,topic_web3_general,BELONGS_TO,1.0
entity_more,topic_web3_general,BELONGS_TO,2.0
entity_solana_perps_ath,topic_web3_general,BELONGS_TO,1.0
entity_solanafloor_podcast,topic_web3_general,BELONGS_TO,1.0
post_1tiktov,entity_metis,MENTIONS,1.0
post_1tiktov,entity_solving_the_quotation_execution_drift,MENTIONS,1.0
entity_metis,entity_solving_the_quotation_execution_drift,CO_MENTIONED_WITH,1.0
entity_metis,topic_web3_general,BELONGS_TO,1.0
entity_solving_the_quotation_execution_drift,topic_web3_general,BELONGS_TO,1.0
post_1tj0p6r,entity_jupiter,MENTIONS,1.0
post_1tj0p6r,entity_jupiter_swap,MENTIONS,1.0
post_1tj0p6r,entity_simple_natural_breakdown,MENTIONS,1.0
post_1tj0p6r,entity_solana,MENTIONS,1.0
post_1tj0p6r,entity_solana_dexs,MENTIONS,1.0
post_1tj0p6r,entity_which,MENTIONS,1.0
entity_jupiter,entity_jupiter_swap,CO_MENTIONED_WITH,1.0
entity_jupiter,entity_simple_natural_breakdown,CO_MENTIONED_WITH,1.0
entity_jupiter,entity_solana_dexs,CO_MENTIONED_WITH,1.0
entity_jupiter,entity_which,CO_MENTIONED_WITH,1.0
entity_jupiter_swap,entity_simple_natural_breakdown,CO_MENTIONED_WITH,1.0
entity_jupiter_swap,entity_solana,CO_MENTIONED_WITH,1.0
entity_jupiter_swap,entity_solana_dexs,CO_MENTIONED_WITH,1.0
entity_jupiter_swap,entity_which,CO_MENTIONED_WITH,1.0
entity_simple_natural_breakdown,entity_solana,CO_MENTIONED_WITH,1.0
entity_simple_natural_breakdown,entity_solana_dexs,CO_MENTIONED_WITH,1.0
entity_simple_natural_breakdown,entity_which,CO_MENTIONED_WITH,1.0
entity_solana,entity_solana_dexs,CO_MENTIONED_WITH,1.0
entity_solana,entity_which,CO_MENTIONED_WITH,1.0
entity_solana_dexs,entity_which,CO_MENTIONED_WITH,1.0
entity_jupiter,topic_web3_general,BELONGS_TO,1.0
entity_jupiter_swap,topic_web3_general,BELONGS_TO,1.0
entity_simple_natural_breakdown,topic_web3_general,BELONGS_TO,1.0
entity_solana_dexs,topic_web3_general,BELONGS_TO,1.0
entity_which,topic_web3_general,BELONGS_TO,1.0
post_1tinshv,entity_aths,MENTIONS,1.0
post_1tinshv,entity_avgjoescrypto,MENTIONS,1.0
post_1tinshv,entity_buidl,MENTIONS,1.0
post_1tinshv,entity_hastrafi,MENTIONS,1.0
post_1tinshv,entity_onyc,MENTIONS,1.0
post_1tinshv,entity_ondofinance,MENTIONS,1.0
post_1tinshv,entity_prime,MENTIONS,1.0
post_1tinshv,entity_qoq,MENTIONS,1.0
post_1tinshv,entity_rwa,MENTIONS,1.0
post_1tinshv,entity_rwas,MENTIONS,1.0
post_1tinshv,entity_rwas_reached_new_aths_on_solana_in_q1,MENTIONS,1.0
post_1tinshv,entity_securitize,MENTIONS,1.0
post_1tinshv,entity_solana,MENTIONS,1.0
post_1tinshv,entity_usdy,MENTIONS,1.0
entity_aths,entity_avgjoescrypto,CO_MENTIONED_WITH,1.0
entity_aths,entity_buidl,CO_MENTIONED_WITH,1.0
entity_aths,entity_hastrafi,CO_MENTIONED_WITH,1.0
entity_aths,entity_ondofinance,CO_MENTIONED_WITH,1.0
entity_aths,entity_onyc,CO_MENTIONED_WITH,1.0
entity_aths,entity_prime,CO_MENTIONED_WITH,1.0
entity_aths,entity_qoq,CO_MENTIONED_WITH,1.0
entity_aths,entity_rwa,CO_MENTIONED_WITH,1.0
entity_aths,entity_rwas,CO_MENTIONED_WITH,1.0
entity_aths,entity_rwas_reached_new_aths_on_solana_in_q1,CO_MENTIONED_WITH,1.0
entity_aths,entity_securitize,CO_MENTIONED_WITH,1.0
entity_aths,entity_solana,CO_MENTIONED_WITH,1.0
entity_aths,entity_usdy,CO_MENTIONED_WITH,1.0
entity_avgjoescrypto,entity_buidl,CO_MENTIONED_WITH,1.0
entity_avgjoescrypto,entity_hastrafi,CO_MENTIONED_WITH,1.0
entity_avgjoescrypto,entity_ondofinance,CO_MENTIONED_WITH,1.0
entity_avgjoescrypto,entity_onyc,CO_MENTIONED_WITH,1.0
entity_avgjoescrypto,entity_prime,CO_MENTIONED_WITH,1.0
entity_avgjoescrypto,entity_qoq,CO_MENTIONED_WITH,1.0
entity_avgjoescrypto,entity_rwa,CO_MENTIONED_WITH,1.0
entity_avgjoescrypto,entity_rwas,CO_MENTIONED_WITH,1.0
entity_avgjoescrypto,entity_rwas_reached_new_aths_on_solana_in_q1,CO_MENTIONED_WITH,1.0
entity_avgjoescrypto,entity_securitize,CO_MENTIONED_WITH,1.0
entity_avgjoescrypto,entity_solana,CO_MENTIONED_WITH,1.0
entity_avgjoescrypto,entity_usdy,CO_MENTIONED_WITH,1.0
entity_buidl,entity_hastrafi,CO_MENTIONED_WITH,1.0
entity_buidl,entity_ondofinance,CO_MENTIONED_WITH,1.0
entity_buidl,entity_onyc,CO_MENTIONED_WITH,1.0
entity_buidl,entity_prime,CO_MENTIONED_WITH,1.0
entity_buidl,entity_qoq,CO_MENTIONED_WITH,1.0
entity_buidl,entity_rwas,CO_MENTIONED_WITH,1.0
entity_buidl,entity_rwas_reached_new_aths_on_solana_in_q1,CO_MENTIONED_WITH,1.0
entity_buidl,entity_securitize,CO_MENTIONED_WITH,1.0
entity_buidl,entity_usdy,CO_MENTIONED_WITH,1.0
entity_hastrafi,entity_ondofinance,CO_MENTIONED_WITH,1.0
entity_hastrafi,entity_onyc,CO_MENTIONED_WITH,1.0
entity_hastrafi,entity_prime,CO_MENTIONED_WITH,1.0
entity_hastrafi,entity_qoq,CO_MENTIONED_WITH,1.0
entity_hastrafi,entity_rwa,CO_MENTIONED_WITH,1.0
entity_hastrafi,entity_rwas,CO_MENTIONED_WITH,1.0
entity_hastrafi,entity_rwas_reached_new_aths_on_solana_in_q1,CO_MENTIONED_WITH,1.0
entity_hastrafi,entity_securitize,CO_MENTIONED_WITH,1.0
entity_hastrafi,entity_solana,CO_MENTIONED_WITH,1.0
entity_hastrafi,entity_usdy,CO_MENTIONED_WITH,1.0
entity_ondofinance,entity_onyc,CO_MENTIONED_WITH,1.0
entity_ondofinance,entity_prime,CO_MENTIONED_WITH,1.0
entity_ondofinance,entity_qoq,CO_MENTIONED_WITH,1.0
entity_ondofinance,entity_rwa,CO_MENTIONED_WITH,1.0
entity_ondofinance,entity_rwas,CO_MENTIONED_WITH,1.0
entity_ondofinance,entity_rwas_reached_new_aths_on_solana_in_q1,CO_MENTIONED_WITH,1.0
entity_ondofinance,entity_securitize,CO_MENTIONED_WITH,1.0
entity_ondofinance,entity_solana,CO_MENTIONED_WITH,1.0
entity_ondofinance,entity_usdy,CO_MENTIONED_WITH,1.0
entity_onyc,entity_prime,CO_MENTIONED_WITH,1.0
entity_onyc,entity_qoq,CO_MENTIONED_WITH,1.0
entity_onyc,entity_rwa,CO_MENTIONED_WITH,1.0
entity_onyc,entity_rwas,CO_MENTIONED_WITH,1.0
entity_onyc,entity_rwas_reached_new_aths_on_solana_in_q1,CO_MENTIONED_WITH,1.0
entity_onyc,entity_securitize,CO_MENTIONED_WITH,1.0
entity_onyc,entity_solana,CO_MENTIONED_WITH,1.0
entity_onyc,entity_usdy,CO_MENTIONED_WITH,1.0
entity_prime,entity_qoq,CO_MENTIONED_WITH,1.0
entity_prime,entity_rwa,CO_MENTIONED_WITH,1.0
entity_prime,entity_rwas,CO_MENTIONED_WITH,1.0
entity_prime,entity_rwas_reached_new_aths_on_solana_in_q1,CO_MENTIONED_WITH,1.0
entity_prime,entity_securitize,CO_MENTIONED_WITH,1.0
entity_prime,entity_solana,CO_MENTIONED_WITH,1.0
entity_prime,entity_usdy,CO_MENTIONED_WITH,1.0
entity_qoq,entity_rwa,CO_MENTIONED_WITH,1.0
entity_qoq,entity_rwas,CO_MENTIONED_WITH,1.0
entity_qoq,entity_rwas_reached_new_aths_on_solana_in_q1,CO_MENTIONED_WITH,1.0
entity_qoq,entity_securitize,CO_MENTIONED_WITH,1.0
entity_qoq,entity_solana,CO_MENTIONED_WITH,1.0
entity_qoq,entity_usdy,CO_MENTIONED_WITH,1.0
entity_rwa,entity_rwas,CO_MENTIONED_WITH,1.0
entity_rwa,entity_rwas_reached_new_aths_on_solana_in_q1,CO_MENTIONED_WITH,1.0
entity_rwa,entity_securitize,CO_MENTIONED_WITH,1.0
entity_rwa,entity_usdy,CO_MENTIONED_WITH,1.0
entity_rwas,entity_rwas_reached_new_aths_on_solana_in_q1,CO_MENTIONED_WITH,1.0
entity_rwas,entity_securitize,CO_MENTIONED_WITH,1.0
entity_rwas,entity_solana,CO_MENTIONED_WITH,1.0
entity_rwas,entity_usdy,CO_MENTIONED_WITH,1.0
entity_rwas_reached_new_aths_on_solana_in_q1,entity_securitize,CO_MENTIONED_WITH,1.0
entity_rwas_reached_new_aths_on_solana_in_q1,entity_solana,CO_MENTIONED_WITH,1.0
entity_rwas_reached_new_aths_on_solana_in_q1,entity_usdy,CO_MENTIONED_WITH,1.0
entity_securitize,entity_solana,CO_MENTIONED_WITH,1.0
entity_securitize,entity_usdy,CO_MENTIONED_WITH,1.0
entity_solana,entity_usdy,CO_MENTIONED_WITH,1.0
entity_aths,topic_web3_general,BELONGS_TO,1.0
entity_avgjoescrypto,topic_web3_general,BELONGS_TO,1.0
entity_buidl,topic_web3_general,BELONGS_TO,1.0
entity_hastrafi,topic_web3_general,BELONGS_TO,1.0
entity_onyc,topic_web3_general,BELONGS_TO,1.0
entity_ondofinance,topic_web3_general,BELONGS_TO,1.0
entity_prime,topic_web3_general,BELONGS_TO,1.0
entity_qoq,topic_web3_general,BELONGS_TO,1.0
entity_rwa,topic_web3_general,BELONGS_TO,1.0
entity_rwas,topic_web3_general,BELONGS_TO,1.0
entity_rwas_reached_new_aths_on_solana_in_q1,topic_web3_general,BELONGS_TO,1.0
entity_securitize,topic_web3_general,BELONGS_TO,1.0
entity_usdy,topic_web3_general,BELONGS_TO,1.0
post_1tinqia,entity_breaking,MENTIONS,1.0
post_1tinqia,entity_new_all_time_high_of,MENTIONS,1.0
post_1tinqia,entity_sol,MENTIONS,1.0
post_1tinqia,entity_sol_in_tvl,MENTIONS,1.0
post_1tinqia,entity_solana,MENTIONS,1.0
post_1tinqia,entity_solana_liquid_staking_protocol_sanctum_has_reached,MENTIONS,1.0
post_1tinqia,entity_solanafloor,MENTIONS,1.0
post_1tinqia,entity_tvl,MENTIONS,1.0
entity_breaking,entity_new_all_time_high_of,CO_MENTIONED_WITH,1.0
entity_breaking,entity_sol,CO_MENTIONED_WITH,1.0
entity_breaking,entity_sol_in_tvl,CO_MENTIONED_WITH,1.0
entity_breaking,entity_solana,CO_MENTIONED_WITH,2.0
entity_breaking,entity_solana_liquid_staking_protocol_sanctum_has_reached,CO_MENTIONED_WITH,1.0
entity_breaking,entity_solanafloor,CO_MENTIONED_WITH,1.0
entity_breaking,entity_tvl,CO_MENTIONED_WITH,1.0
entity_new_all_time_high_of,entity_sol,CO_MENTIONED_WITH,1.0
entity_new_all_time_high_of,entity_sol_in_tvl,CO_MENTIONED_WITH,1.0
entity_new_all_time_high_of,entity_solana,CO_MENTIONED_WITH,1.0
entity_new_all_time_high_of,entity_solana_liquid_staking_protocol_sanctum_has_reached,CO_MENTIONED_WITH,1.0
entity_new_all_time_high_of,entity_solanafloor,CO_MENTIONED_WITH,1.0
entity_new_all_time_high_of,entity_tvl,CO_MENTIONED_WITH,1.0
entity_sol,entity_sol_in_tvl,CO_MENTIONED_WITH,1.0
entity_sol,entity_solana_liquid_staking_protocol_sanctum_has_reached,CO_MENTIONED_WITH,1.0
entity_sol,entity_solanafloor,CO_MENTIONED_WITH,1.0
entity_sol,entity_tvl,CO_MENTIONED_WITH,1.0
entity_sol_in_tvl,entity_solana,CO_MENTIONED_WITH,1.0
entity_sol_in_tvl,entity_solana_liquid_staking_protocol_sanctum_has_reached,CO_MENTIONED_WITH,1.0
entity_sol_in_tvl,entity_solanafloor,CO_MENTIONED_WITH,1.0
entity_sol_in_tvl,entity_tvl,CO_MENTIONED_WITH,1.0
entity_solana,entity_solana_liquid_staking_protocol_sanctum_has_reached,CO_MENTIONED_WITH,1.0
entity_solana,entity_solanafloor,CO_MENTIONED_WITH,1.0
entity_solana,entity_tvl,CO_MENTIONED_WITH,1.0
entity_solana_liquid_staking_protocol_sanctum_has_reached,entity_solanafloor,CO_MENTIONED_WITH,1.0
entity_solana_liquid_staking_protocol_sanctum_has_reached,entity_tvl,CO_MENTIONED_WITH,1.0
entity_solanafloor,entity_tvl,CO_MENTIONED_WITH,1.0
entity_breaking,topic_web3_general,BELONGS_TO,1.0
entity_new_all_time_high_of,topic_web3_general,BELONGS_TO,1.0
entity_sol,topic_web3_general,BELONGS_TO,1.0
entity_sol_in_tvl,topic_web3_general,BELONGS_TO,1.0
entity_solana_liquid_staking_protocol_sanctum_has_reached,topic_web3_general,BELONGS_TO,1.0
entity_solanafloor,topic_web3_general,BELONGS_TO,1.0
entity_tvl,topic_web3_general,BELONGS_TO,1.0
post_1tiyukl,entity_breaking,MENTIONS,1.0
post_1tiyukl,entity_coinbase,MENTIONS,1.0
post_1tiyukl,entity_curve,MENTIONS,1.0
post_1tiyukl,entity_every,MENTIONS,1.0
post_1tiyukl,entity_flipcash,MENTIONS,1.0
post_1tiyukl,entity_introducing_usdf,MENTIONS,1.0
post_1tiyukl,entity_solana,MENTIONS,1.0
post_1tiyukl,entity_solana_usdf,MENTIONS,1.0
post_1tiyukl,entity_usdf,MENTIONS,1.0
post_1tiyukl,entity_usdf_is_now_live_on_flipcash_on_solana,MENTIONS,1.0
entity_breaking,entity_coinbase,CO_MENTIONED_WITH,1.0
entity_breaking,entity_curve,CO_MENTIONED_WITH,1.0
entity_breaking,entity_every,CO_MENTIONED_WITH,1.0
entity_breaking,entity_flipcash,CO_MENTIONED_WITH,1.0
entity_breaking,entity_introducing_usdf,CO_MENTIONED_WITH,1.0
entity_breaking,entity_solana_usdf,CO_MENTIONED_WITH,1.0
entity_breaking,entity_usdf,CO_MENTIONED_WITH,1.0
entity_breaking,entity_usdf_is_now_live_on_flipcash_on_solana,CO_MENTIONED_WITH,1.0
entity_coinbase,entity_curve,CO_MENTIONED_WITH,1.0
entity_coinbase,entity_every,CO_MENTIONED_WITH,1.0
entity_coinbase,entity_flipcash,CO_MENTIONED_WITH,1.0
entity_coinbase,entity_introducing_usdf,CO_MENTIONED_WITH,1.0
entity_coinbase,entity_solana,CO_MENTIONED_WITH,1.0
entity_coinbase,entity_solana_usdf,CO_MENTIONED_WITH,1.0
entity_coinbase,entity_usdf,CO_MENTIONED_WITH,1.0
entity_coinbase,entity_usdf_is_now_live_on_flipcash_on_solana,CO_MENTIONED_WITH,1.0
entity_curve,entity_every,CO_MENTIONED_WITH,1.0
entity_curve,entity_flipcash,CO_MENTIONED_WITH,1.0
entity_curve,entity_introducing_usdf,CO_MENTIONED_WITH,1.0
entity_curve,entity_solana,CO_MENTIONED_WITH,1.0
entity_curve,entity_solana_usdf,CO_MENTIONED_WITH,1.0
entity_curve,entity_usdf,CO_MENTIONED_WITH,1.0
entity_curve,entity_usdf_is_now_live_on_flipcash_on_solana,CO_MENTIONED_WITH,1.0
entity_every,entity_flipcash,CO_MENTIONED_WITH,1.0
entity_every,entity_introducing_usdf,CO_MENTIONED_WITH,1.0
entity_every,entity_solana_usdf,CO_MENTIONED_WITH,1.0
entity_every,entity_usdf,CO_MENTIONED_WITH,1.0
entity_every,entity_usdf_is_now_live_on_flipcash_on_solana,CO_MENTIONED_WITH,1.0
entity_flipcash,entity_introducing_usdf,CO_MENTIONED_WITH,1.0
entity_flipcash,entity_solana,CO_MENTIONED_WITH,1.0
entity_flipcash,entity_solana_usdf,CO_MENTIONED_WITH,1.0
entity_flipcash,entity_usdf,CO_MENTIONED_WITH,1.0
entity_flipcash,entity_usdf_is_now_live_on_flipcash_on_solana,CO_MENTIONED_WITH,1.0
entity_introducing_usdf,entity_solana,CO_MENTIONED_WITH,1.0
entity_introducing_usdf,entity_solana_usdf,CO_MENTIONED_WITH,1.0
entity_introducing_usdf,entity_usdf,CO_MENTIONED_WITH,1.0
entity_introducing_usdf,entity_usdf_is_now_live_on_flipcash_on_solana,CO_MENTIONED_WITH,1.0
entity_solana,entity_solana_usdf,CO_MENTIONED_WITH,1.0
entity_solana,entity_usdf,CO_MENTIONED_WITH,1.0
entity_solana,entity_usdf_is_now_live_on_flipcash_on_solana,CO_MENTIONED_WITH,1.0
entity_solana_usdf,entity_usdf,CO_MENTIONED_WITH,1.0
entity_solana_usdf,entity_usdf_is_now_live_on_flipcash_on_solana,CO_MENTIONED_WITH,1.0
entity_usdf,entity_usdf_is_now_live_on_flipcash_on_solana,CO_MENTIONED_WITH,1.0
entity_breaking,topic_defi,BELONGS_TO,1.0
entity_coinbase,topic_defi,BELONGS_TO,1.0
entity_curve,topic_defi,BELONGS_TO,1.0
entity_flipcash,topic_defi,BELONGS_TO,1.0
entity_introducing_usdf,topic_defi,BELONGS_TO,1.0
entity_solana_usdf,topic_defi,BELONGS_TO,1.0
entity_usdf,topic_defi,BELONGS_TO,1.0
entity_usdf_is_now_live_on_flipcash_on_solana,topic_defi,BELONGS_TO,1.0
entity_breaking,topic_layer2_scaling,BELONGS_TO,1.0
entity_coinbase,topic_layer2_scaling,BELONGS_TO,1.0
entity_curve,topic_layer2_scaling,BELONGS_TO,1.0
entity_flipcash,topic_layer2_scaling,BELONGS_TO,1.0
entity_introducing_usdf,topic_layer2_scaling,BELONGS_TO,1.0
entity_solana_usdf,topic_layer2_scaling,BELONGS_TO,1.0
entity_usdf,topic_layer2_scaling,BELONGS_TO,1.0
entity_usdf_is_now_live_on_flipcash_on_solana,topic_layer2_scaling,BELONGS_TO,1.0
entity_breaking,topic_stablecoins,BELONGS_TO,1.0
entity_coinbase,topic_stablecoins,BELONGS_TO,1.0
entity_curve,topic_stablecoins,BELONGS_TO,1.0
entity_every,topic_stablecoins,BELONGS_TO,1.0
entity_flipcash,topic_stablecoins,BELONGS_TO,1.0
entity_introducing_usdf,topic_stablecoins,BELONGS_TO,1.0
entity_solana_usdf,topic_stablecoins,BELONGS_TO,1.0
entity_usdf,topic_stablecoins,BELONGS_TO,1.0
entity_usdf_is_now_live_on_flipcash_on_solana,topic_stablecoins,BELONGS_TO,1.0
post_1tinzo0,entity_hunter_simmons,MENTIONS,1.0
post_1tinzo0,entity_imperial_perps,MENTIONS,1.0
post_1tinzo0,entity_jordan_prince,MENTIONS,1.0
post_1tinzo0,entity_perps_renaissance,MENTIONS,1.0
post_1tinzo0,entity_solana,MENTIONS,1.0
post_1tinzo0,entity_the_index_podcast,MENTIONS,1.0
entity_hunter_simmons,entity_imperial_perps,CO_MENTIONED_WITH,1.0
entity_hunter_simmons,entity_jordan_prince,CO_MENTIONED_WITH,1.0
entity_hunter_simmons,entity_perps_renaissance,CO_MENTIONED_WITH,1.0
entity_hunter_simmons,entity_solana,CO_MENTIONED_WITH,1.0
entity_hunter_simmons,entity_the_index_podcast,CO_MENTIONED_WITH,1.0
entity_imperial_perps,entity_jordan_prince,CO_MENTIONED_WITH,1.0
entity_imperial_perps,entity_perps_renaissance,CO_MENTIONED_WITH,1.0
entity_imperial_perps,entity_solana,CO_MENTIONED_WITH,1.0
entity_imperial_perps,entity_the_index_podcast,CO_MENTIONED_WITH,1.0
entity_jordan_prince,entity_perps_renaissance,CO_MENTIONED_WITH,1.0
entity_jordan_prince,entity_solana,CO_MENTIONED_WITH,1.0
entity_jordan_prince,entity_the_index_podcast,CO_MENTIONED_WITH,1.0
entity_perps_renaissance,entity_solana,CO_MENTIONED_WITH,1.0
entity_perps_renaissance,entity_the_index_podcast,CO_MENTIONED_WITH,1.0
entity_solana,entity_the_index_podcast,CO_MENTIONED_WITH,1.0
entity_hunter_simmons,topic_web3_general,BELONGS_TO,1.0
entity_imperial_perps,topic_web3_general,BELONGS_TO,1.0
entity_jordan_prince,topic_web3_general,BELONGS_TO,1.0
entity_perps_renaissance,topic_web3_general,BELONGS_TO,1.0
entity_the_index_podcast,topic_web3_general,BELONGS_TO,1.0
post_1tinwbo,entity_solana,MENTIONS,1.0
post_1tinwbo,entity_solana_tutorial,MENTIONS,1.0
post_1tinwbo,entity_solandy,MENTIONS,1.0
post_1tinwbo,entity_token_program_upgrade,MENTIONS,1.0
entity_solana,entity_solana_tutorial,CO_MENTIONED_WITH,1.0
entity_solana,entity_solandy,CO_MENTIONED_WITH,1.0
entity_solana,entity_token_program_upgrade,CO_MENTIONED_WITH,1.0
entity_solana_tutorial,entity_solandy,CO_MENTIONED_WITH,1.0
entity_solana_tutorial,entity_token_program_upgrade,CO_MENTIONED_WITH,1.0
entity_solandy,entity_token_program_upgrade,CO_MENTIONED_WITH,1.0
entity_solana_tutorial,topic_web3_general,BELONGS_TO,1.0
entity_solandy,topic_web3_general,BELONGS_TO,1.0
entity_token_program_upgrade,topic_web3_general,BELONGS_TO,1.0
post_1tas51z,entity_dexs,MENTIONS,1.0
post_1tas51z,entity_nft,MENTIONS,1.0
entity_dexs,entity_nft,CO_MENTIONED_WITH,1.0
entity_dexs,topic_defi,BELONGS_TO,1.0
entity_nft,topic_defi,BELONGS_TO,1.0
entity_dexs,topic_nft_and_gaming,BELONGS_TO,1.0
post_1t9yt80,entity_finding,MENTIONS,1.0
post_1t9yt80,entity_our,MENTIONS,1.0
entity_finding,entity_our,CO_MENTIONED_WITH,1.0
entity_finding,topic_web3_general,BELONGS_TO,1.0
entity_our,topic_web3_general,BELONGS_TO,1.0
post_1tdtww9,entity_because,MENTIONS,1.0
post_1tdtww9,entity_renting_their_online_lives_one,MENTIONS,1.0
post_1tdtww9,entity_think_web3_became_popular_because_people_got_tired,MENTIONS,1.0
post_1tdtww9,entity_web1,MENTIONS,1.0
post_1tdtww9,entity_web2,MENTIONS,1.0
entity_because,entity_renting_their_online_lives_one,CO_MENTIONED_WITH,1.0
entity_because,entity_think_web3_became_popular_because_people_got_tired,CO_MENTIONED_WITH,1.0
entity_because,entity_web1,CO_MENTIONED_WITH,1.0
entity_because,entity_web2,CO_MENTIONED_WITH,1.0
entity_renting_their_online_lives_one,entity_think_web3_became_popular_because_people_got_tired,CO_MENTIONED_WITH,1.0
entity_renting_their_online_lives_one,entity_web1,CO_MENTIONED_WITH,1.0
entity_renting_their_online_lives_one,entity_web2,CO_MENTIONED_WITH,1.0
entity_think_web3_became_popular_because_people_got_tired,entity_web1,CO_MENTIONED_WITH,1.0
entity_think_web3_became_popular_because_people_got_tired,entity_web2,CO_MENTIONED_WITH,1.0
entity_web1,entity_web2,CO_MENTIONED_WITH,1.0
entity_because,topic_web3_general,BELONGS_TO,1.0
entity_renting_their_online_lives_one,topic_web3_general,BELONGS_TO,1.0
entity_think_web3_became_popular_because_people_got_tired,topic_web3_general,BELONGS_TO,1.0
entity_web1,topic_web3_general,BELONGS_TO,1.0
entity_web2,topic_web3_general,BELONGS_TO,1.0
post_1tey5gl,entity_api,MENTIONS,1.0
post_1tey5gl,entity_according,MENTIONS,1.0
post_1tey5gl,entity_btc,MENTIONS,1.0
post_1tey5gl,entity_bitcoin,MENTIONS,1.0
post_1tey5gl,entity_bitcoin_etfs,MENTIONS,1.0
post_1tey5gl,entity_coingecko,MENTIONS,1.0
post_1tey5gl,entity_crypto,MENTIONS,1.0
post_1tey5gl,entity_dms,MENTIONS,1.0
post_1tey5gl,entity_defi,MENTIONS,1.0
post_1tey5gl,entity_discord,MENTIONS,1.0
post_1tey5gl,entity_discords,MENTIONS,1.0
post_1tey5gl,entity_even,MENTIONS,1.0
post_1tey5gl,entity_everyone,MENTIONS,1.0
post_1tey5gl,entity_genuine,MENTIONS,1.0
post_1tey5gl,entity_humans,MENTIONS,1.0
post_1tey5gl,entity_kpi,MENTIONS,1.0
post_1tey5gl,entity_liquidity,MENTIONS,1.0
post_1tey5gl,entity_lunarcrush,MENTIONS,1.0
post_1tey5gl,entity_mev,MENTIONS,1.0
post_1tey5gl,entity_most_web3,MENTIONS,1.0
post_1tey5gl,entity_never,MENTIONS,1.0
post_1tey5gl,entity_real,MENTIONS,1.0
post_1tey5gl,entity_retention,MENTIONS,1.0
post_1tey5gl,entity_sadly,MENTIONS,1.0
post_1tey5gl,entity_telegrams,MENTIONS,1.0
post_1tey5gl,entity_the_real,MENTIONS,1.0
post_1tey5gl,entity_there,MENTIONS,1.0
entity_according,entity_api,CO_MENTIONED_WITH,1.0
entity_according,entity_bitcoin,CO_MENTIONED_WITH,1.0
entity_according,entity_bitcoin_etfs,CO_MENTIONED_WITH,1.0
entity_according,entity_btc,CO_MENTIONED_WITH,1.0
entity_according,entity_coingecko,CO_MENTIONED_WITH,1.0
entity_according,entity_crypto,CO_MENTIONED_WITH,1.0
entity_according,entity_defi,CO_MENTIONED_WITH,1.0
entity_according,entity_discord,CO_MENTIONED_WITH,1.0
entity_according,entity_discords,CO_MENTIONED_WITH,1.0
entity_according,entity_dms,CO_MENTIONED_WITH,1.0
entity_according,entity_even,CO_MENTIONED_WITH,1.0
entity_according,entity_everyone,CO_MENTIONED_WITH,1.0
entity_according,entity_genuine,CO_MENTIONED_WITH,1.0
entity_according,entity_humans,CO_MENTIONED_WITH,1.0
entity_according,entity_kpi,CO_MENTIONED_WITH,1.0
entity_according,entity_liquidity,CO_MENTIONED_WITH,1.0
entity_according,entity_lunarcrush,CO_MENTIONED_WITH,1.0
entity_according,entity_mev,CO_MENTIONED_WITH,1.0
entity_according,entity_most_web3,CO_MENTIONED_WITH,1.0
entity_according,entity_never,CO_MENTIONED_WITH,1.0
entity_according,entity_real,CO_MENTIONED_WITH,1.0
entity_according,entity_retention,CO_MENTIONED_WITH,1.0
entity_according,entity_sadly,CO_MENTIONED_WITH,1.0
entity_according,entity_telegrams,CO_MENTIONED_WITH,1.0
entity_according,entity_the_real,CO_MENTIONED_WITH,1.0
entity_according,entity_there,CO_MENTIONED_WITH,1.0
entity_api,entity_bitcoin,CO_MENTIONED_WITH,1.0
entity_api,entity_bitcoin_etfs,CO_MENTIONED_WITH,1.0
entity_api,entity_btc,CO_MENTIONED_WITH,1.0
entity_api,entity_coingecko,CO_MENTIONED_WITH,1.0
entity_api,entity_crypto,CO_MENTIONED_WITH,1.0
entity_api,entity_defi,CO_MENTIONED_WITH,1.0
entity_api,entity_discord,CO_MENTIONED_WITH,1.0
entity_api,entity_discords,CO_MENTIONED_WITH,1.0
entity_api,entity_dms,CO_MENTIONED_WITH,1.0
entity_api,entity_even,CO_MENTIONED_WITH,1.0
entity_api,entity_everyone,CO_MENTIONED_WITH,1.0
entity_api,entity_genuine,CO_MENTIONED_WITH,1.0
entity_api,entity_humans,CO_MENTIONED_WITH,1.0
entity_api,entity_kpi,CO_MENTIONED_WITH,1.0
entity_api,entity_liquidity,CO_MENTIONED_WITH,1.0
entity_api,entity_lunarcrush,CO_MENTIONED_WITH,1.0
entity_api,entity_mev,CO_MENTIONED_WITH,1.0
entity_api,entity_most_web3,CO_MENTIONED_WITH,1.0
entity_api,entity_never,CO_MENTIONED_WITH,1.0
entity_api,entity_real,CO_MENTIONED_WITH,1.0
entity_api,entity_retention,CO_MENTIONED_WITH,1.0
entity_api,entity_sadly,CO_MENTIONED_WITH,1.0
entity_api,entity_telegrams,CO_MENTIONED_WITH,1.0
entity_api,entity_the_real,CO_MENTIONED_WITH,1.0
entity_api,entity_there,CO_MENTIONED_WITH,1.0
entity_bitcoin,entity_bitcoin_etfs,CO_MENTIONED_WITH,1.0
entity_bitcoin,entity_coingecko,CO_MENTIONED_WITH,1.0
entity_bitcoin,entity_crypto,CO_MENTIONED_WITH,1.0
entity_bitcoin,entity_defi,CO_MENTIONED_WITH,1.0
entity_bitcoin,entity_discord,CO_MENTIONED_WITH,1.0
entity_bitcoin,entity_discords,CO_MENTIONED_WITH,1.0
entity_bitcoin,entity_dms,CO_MENTIONED_WITH,1.0
entity_bitcoin,entity_even,CO_MENTIONED_WITH,1.0
entity_bitcoin,entity_everyone,CO_MENTIONED_WITH,1.0
entity_bitcoin,entity_genuine,CO_MENTIONED_WITH,1.0
entity_bitcoin,entity_humans,CO_MENTIONED_WITH,1.0
entity_bitcoin,entity_kpi,CO_MENTIONED_WITH,1.0
entity_bitcoin,entity_liquidity,CO_MENTIONED_WITH,1.0
entity_bitcoin,entity_lunarcrush,CO_MENTIONED_WITH,1.0
entity_bitcoin,entity_mev,CO_MENTIONED_WITH,1.0
entity_bitcoin,entity_most_web3,CO_MENTIONED_WITH,1.0
entity_bitcoin,entity_never,CO_MENTIONED_WITH,1.0
entity_bitcoin,entity_real,CO_MENTIONED_WITH,1.0
entity_bitcoin,entity_retention,CO_MENTIONED_WITH,1.0
entity_bitcoin,entity_sadly,CO_MENTIONED_WITH,1.0
entity_bitcoin,entity_telegrams,CO_MENTIONED_WITH,1.0
entity_bitcoin,entity_the_real,CO_MENTIONED_WITH,1.0
entity_bitcoin_etfs,entity_btc,CO_MENTIONED_WITH,1.0
entity_bitcoin_etfs,entity_coingecko,CO_MENTIONED_WITH,1.0
entity_bitcoin_etfs,entity_crypto,CO_MENTIONED_WITH,1.0
entity_bitcoin_etfs,entity_defi,CO_MENTIONED_WITH,1.0
entity_bitcoin_etfs,entity_discord,CO_MENTIONED_WITH,1.0
entity_bitcoin_etfs,entity_discords,CO_MENTIONED_WITH,1.0
entity_bitcoin_etfs,entity_dms,CO_MENTIONED_WITH,1.0
entity_bitcoin_etfs,entity_even,CO_MENTIONED_WITH,1.0
entity_bitcoin_etfs,entity_everyone,CO_MENTIONED_WITH,1.0
entity_bitcoin_etfs,entity_genuine,CO_MENTIONED_WITH,1.0
entity_bitcoin_etfs,entity_humans,CO_MENTIONED_WITH,1.0
entity_bitcoin_etfs,entity_kpi,CO_MENTIONED_WITH,1.0
entity_bitcoin_etfs,entity_liquidity,CO_MENTIONED_WITH,1.0
entity_bitcoin_etfs,entity_lunarcrush,CO_MENTIONED_WITH,1.0
entity_bitcoin_etfs,entity_mev,CO_MENTIONED_WITH,1.0
entity_bitcoin_etfs,entity_most_web3,CO_MENTIONED_WITH,1.0
entity_bitcoin_etfs,entity_never,CO_MENTIONED_WITH,1.0
entity_bitcoin_etfs,entity_real,CO_MENTIONED_WITH,1.0
entity_bitcoin_etfs,entity_retention,CO_MENTIONED_WITH,1.0
entity_bitcoin_etfs,entity_sadly,CO_MENTIONED_WITH,1.0
entity_bitcoin_etfs,entity_telegrams,CO_MENTIONED_WITH,1.0
entity_bitcoin_etfs,entity_the_real,CO_MENTIONED_WITH,1.0
entity_bitcoin_etfs,entity_there,CO_MENTIONED_WITH,1.0
entity_btc,entity_coingecko,CO_MENTIONED_WITH,1.0
entity_btc,entity_crypto,CO_MENTIONED_WITH,1.0
entity_btc,entity_defi,CO_MENTIONED_WITH,1.0
entity_btc,entity_discord,CO_MENTIONED_WITH,1.0
entity_btc,entity_discords,CO_MENTIONED_WITH,1.0
entity_btc,entity_dms,CO_MENTIONED_WITH,1.0
entity_btc,entity_even,CO_MENTIONED_WITH,1.0
entity_btc,entity_everyone,CO_MENTIONED_WITH,1.0
entity_btc,entity_genuine,CO_MENTIONED_WITH,1.0
entity_btc,entity_humans,CO_MENTIONED_WITH,1.0
entity_btc,entity_kpi,CO_MENTIONED_WITH,1.0
entity_btc,entity_liquidity,CO_MENTIONED_WITH,1.0
entity_btc,entity_lunarcrush,CO_MENTIONED_WITH,1.0
entity_btc,entity_mev,CO_MENTIONED_WITH,1.0
entity_btc,entity_most_web3,CO_MENTIONED_WITH,1.0
entity_btc,entity_never,CO_MENTIONED_WITH,1.0
entity_btc,entity_real,CO_MENTIONED_WITH,1.0
entity_btc,entity_retention,CO_MENTIONED_WITH,1.0
entity_btc,entity_sadly,CO_MENTIONED_WITH,1.0
entity_btc,entity_telegrams,CO_MENTIONED_WITH,1.0
entity_btc,entity_the_real,CO_MENTIONED_WITH,1.0
entity_coingecko,entity_crypto,CO_MENTIONED_WITH,1.0
entity_coingecko,entity_defi,CO_MENTIONED_WITH,1.0
entity_coingecko,entity_discord,CO_MENTIONED_WITH,1.0
entity_coingecko,entity_discords,CO_MENTIONED_WITH,1.0
entity_coingecko,entity_dms,CO_MENTIONED_WITH,1.0
entity_coingecko,entity_even,CO_MENTIONED_WITH,1.0
entity_coingecko,entity_everyone,CO_MENTIONED_WITH,1.0
entity_coingecko,entity_genuine,CO_MENTIONED_WITH,1.0
entity_coingecko,entity_humans,CO_MENTIONED_WITH,1.0
entity_coingecko,entity_kpi,CO_MENTIONED_WITH,1.0
entity_coingecko,entity_liquidity,CO_MENTIONED_WITH,1.0
entity_coingecko,entity_lunarcrush,CO_MENTIONED_WITH,1.0
entity_coingecko,entity_mev,CO_MENTIONED_WITH,1.0
entity_coingecko,entity_most_web3,CO_MENTIONED_WITH,1.0
entity_coingecko,entity_never,CO_MENTIONED_WITH,1.0
entity_coingecko,entity_real,CO_MENTIONED_WITH,1.0
entity_coingecko,entity_retention,CO_MENTIONED_WITH,1.0
entity_coingecko,entity_sadly,CO_MENTIONED_WITH,1.0
entity_coingecko,entity_telegrams,CO_MENTIONED_WITH,1.0
entity_coingecko,entity_the_real,CO_MENTIONED_WITH,1.0
entity_coingecko,entity_there,CO_MENTIONED_WITH,1.0
entity_crypto,entity_defi,CO_MENTIONED_WITH,1.0
entity_crypto,entity_discord,CO_MENTIONED_WITH,1.0
entity_crypto,entity_discords,CO_MENTIONED_WITH,1.0
entity_crypto,entity_dms,CO_MENTIONED_WITH,1.0
entity_crypto,entity_even,CO_MENTIONED_WITH,1.0
entity_crypto,entity_everyone,CO_MENTIONED_WITH,1.0
entity_crypto,entity_genuine,CO_MENTIONED_WITH,1.0
entity_crypto,entity_humans,CO_MENTIONED_WITH,1.0
entity_crypto,entity_kpi,CO_MENTIONED_WITH,1.0
entity_crypto,entity_liquidity,CO_MENTIONED_WITH,1.0
entity_crypto,entity_lunarcrush,CO_MENTIONED_WITH,1.0
entity_crypto,entity_mev,CO_MENTIONED_WITH,1.0
entity_crypto,entity_most_web3,CO_MENTIONED_WITH,1.0
entity_crypto,entity_never,CO_MENTIONED_WITH,1.0
entity_crypto,entity_real,CO_MENTIONED_WITH,1.0
entity_crypto,entity_retention,CO_MENTIONED_WITH,1.0
entity_crypto,entity_sadly,CO_MENTIONED_WITH,1.0
entity_crypto,entity_telegrams,CO_MENTIONED_WITH,1.0
entity_crypto,entity_the_real,CO_MENTIONED_WITH,1.0
entity_crypto,entity_there,CO_MENTIONED_WITH,1.0
entity_defi,entity_discord,CO_MENTIONED_WITH,1.0
entity_defi,entity_discords,CO_MENTIONED_WITH,1.0
entity_defi,entity_dms,CO_MENTIONED_WITH,1.0
entity_defi,entity_even,CO_MENTIONED_WITH,1.0
entity_defi,entity_everyone,CO_MENTIONED_WITH,1.0
entity_defi,entity_genuine,CO_MENTIONED_WITH,1.0
entity_defi,entity_humans,CO_MENTIONED_WITH,1.0
entity_defi,entity_kpi,CO_MENTIONED_WITH,1.0
entity_defi,entity_liquidity,CO_MENTIONED_WITH,1.0
entity_defi,entity_lunarcrush,CO_MENTIONED_WITH,1.0
entity_defi,entity_most_web3,CO_MENTIONED_WITH,1.0
entity_defi,entity_never,CO_MENTIONED_WITH,1.0
entity_defi,entity_real,CO_MENTIONED_WITH,1.0
entity_defi,entity_retention,CO_MENTIONED_WITH,1.0
entity_defi,entity_sadly,CO_MENTIONED_WITH,1.0
entity_defi,entity_telegrams,CO_MENTIONED_WITH,1.0
entity_defi,entity_the_real,CO_MENTIONED_WITH,1.0
entity_defi,entity_there,CO_MENTIONED_WITH,1.0
entity_discord,entity_discords,CO_MENTIONED_WITH,1.0
entity_discord,entity_dms,CO_MENTIONED_WITH,1.0
entity_discord,entity_even,CO_MENTIONED_WITH,1.0
entity_discord,entity_everyone,CO_MENTIONED_WITH,1.0
entity_discord,entity_genuine,CO_MENTIONED_WITH,1.0
entity_discord,entity_humans,CO_MENTIONED_WITH,1.0
entity_discord,entity_kpi,CO_MENTIONED_WITH,1.0
entity_discord,entity_liquidity,CO_MENTIONED_WITH,1.0
entity_discord,entity_lunarcrush,CO_MENTIONED_WITH,1.0
entity_discord,entity_mev,CO_MENTIONED_WITH,1.0
entity_discord,entity_most_web3,CO_MENTIONED_WITH,1.0
entity_discord,entity_never,CO_MENTIONED_WITH,1.0
entity_discord,entity_real,CO_MENTIONED_WITH,1.0
entity_discord,entity_retention,CO_MENTIONED_WITH,1.0
entity_discord,entity_sadly,CO_MENTIONED_WITH,1.0
entity_discord,entity_telegrams,CO_MENTIONED_WITH,1.0
entity_discord,entity_the_real,CO_MENTIONED_WITH,1.0
entity_discord,entity_there,CO_MENTIONED_WITH,1.0
entity_discords,entity_dms,CO_MENTIONED_WITH,1.0
entity_discords,entity_even,CO_MENTIONED_WITH,1.0
entity_discords,entity_everyone,CO_MENTIONED_WITH,1.0
entity_discords,entity_genuine,CO_MENTIONED_WITH,1.0
entity_discords,entity_humans,CO_MENTIONED_WITH,1.0
entity_discords,entity_kpi,CO_MENTIONED_WITH,1.0
entity_discords,entity_liquidity,CO_MENTIONED_WITH,1.0
entity_discords,entity_lunarcrush,CO_MENTIONED_WITH,1.0
entity_discords,entity_mev,CO_MENTIONED_WITH,1.0
entity_discords,entity_most_web3,CO_MENTIONED_WITH,1.0
entity_discords,entity_never,CO_MENTIONED_WITH,1.0
entity_discords,entity_real,CO_MENTIONED_WITH,1.0
entity_discords,entity_retention,CO_MENTIONED_WITH,1.0
entity_discords,entity_sadly,CO_MENTIONED_WITH,1.0
entity_discords,entity_telegrams,CO_MENTIONED_WITH,1.0
entity_discords,entity_the_real,CO_MENTIONED_WITH,1.0
entity_discords,entity_there,CO_MENTIONED_WITH,1.0
entity_dms,entity_even,CO_MENTIONED_WITH,1.0
entity_dms,entity_everyone,CO_MENTIONED_WITH,1.0
entity_dms,entity_genuine,CO_MENTIONED_WITH,1.0
entity_dms,entity_humans,CO_MENTIONED_WITH,1.0
entity_dms,entity_kpi,CO_MENTIONED_WITH,1.0
entity_dms,entity_liquidity,CO_MENTIONED_WITH,1.0
entity_dms,entity_lunarcrush,CO_MENTIONED_WITH,1.0
entity_dms,entity_mev,CO_MENTIONED_WITH,1.0
entity_dms,entity_most_web3,CO_MENTIONED_WITH,1.0
entity_dms,entity_never,CO_MENTIONED_WITH,1.0
entity_dms,entity_real,CO_MENTIONED_WITH,1.0
entity_dms,entity_retention,CO_MENTIONED_WITH,1.0
entity_dms,entity_sadly,CO_MENTIONED_WITH,1.0
entity_dms,entity_telegrams,CO_MENTIONED_WITH,1.0
entity_dms,entity_the_real,CO_MENTIONED_WITH,1.0
entity_dms,entity_there,CO_MENTIONED_WITH,1.0
entity_even,entity_everyone,CO_MENTIONED_WITH,1.0
entity_even,entity_genuine,CO_MENTIONED_WITH,1.0
entity_even,entity_humans,CO_MENTIONED_WITH,1.0
entity_even,entity_kpi,CO_MENTIONED_WITH,1.0
entity_even,entity_liquidity,CO_MENTIONED_WITH,1.0
entity_even,entity_lunarcrush,CO_MENTIONED_WITH,1.0
entity_even,entity_mev,CO_MENTIONED_WITH,1.0
entity_even,entity_most_web3,CO_MENTIONED_WITH,1.0
entity_even,entity_never,CO_MENTIONED_WITH,1.0
entity_even,entity_real,CO_MENTIONED_WITH,1.0
entity_even,entity_retention,CO_MENTIONED_WITH,1.0
entity_even,entity_sadly,CO_MENTIONED_WITH,1.0
entity_even,entity_telegrams,CO_MENTIONED_WITH,1.0
entity_even,entity_the_real,CO_MENTIONED_WITH,1.0
entity_even,entity_there,CO_MENTIONED_WITH,1.0
entity_everyone,entity_genuine,CO_MENTIONED_WITH,1.0
entity_everyone,entity_humans,CO_MENTIONED_WITH,1.0
entity_everyone,entity_kpi,CO_MENTIONED_WITH,1.0
entity_everyone,entity_liquidity,CO_MENTIONED_WITH,1.0
entity_everyone,entity_lunarcrush,CO_MENTIONED_WITH,1.0
entity_everyone,entity_mev,CO_MENTIONED_WITH,1.0
entity_everyone,entity_most_web3,CO_MENTIONED_WITH,1.0
entity_everyone,entity_never,CO_MENTIONED_WITH,1.0
entity_everyone,entity_real,CO_MENTIONED_WITH,1.0
entity_everyone,entity_retention,CO_MENTIONED_WITH,1.0
entity_everyone,entity_sadly,CO_MENTIONED_WITH,1.0
entity_everyone,entity_telegrams,CO_MENTIONED_WITH,1.0
entity_everyone,entity_the_real,CO_MENTIONED_WITH,1.0
entity_everyone,entity_there,CO_MENTIONED_WITH,1.0
entity_genuine,entity_humans,CO_MENTIONED_WITH,1.0
entity_genuine,entity_kpi,CO_MENTIONED_WITH,1.0
entity_genuine,entity_liquidity,CO_MENTIONED_WITH,1.0
entity_genuine,entity_lunarcrush,CO_MENTIONED_WITH,1.0
entity_genuine,entity_mev,CO_MENTIONED_WITH,1.0
entity_genuine,entity_most_web3,CO_MENTIONED_WITH,1.0
entity_genuine,entity_never,CO_MENTIONED_WITH,1.0
entity_genuine,entity_real,CO_MENTIONED_WITH,1.0
entity_genuine,entity_retention,CO_MENTIONED_WITH,1.0
entity_genuine,entity_sadly,CO_MENTIONED_WITH,1.0
entity_genuine,entity_telegrams,CO_MENTIONED_WITH,1.0
entity_genuine,entity_the_real,CO_MENTIONED_WITH,1.0
entity_genuine,entity_there,CO_MENTIONED_WITH,1.0
entity_humans,entity_kpi,CO_MENTIONED_WITH,1.0
entity_humans,entity_liquidity,CO_MENTIONED_WITH,1.0
entity_humans,entity_lunarcrush,CO_MENTIONED_WITH,1.0
entity_humans,entity_mev,CO_MENTIONED_WITH,1.0
entity_humans,entity_most_web3,CO_MENTIONED_WITH,1.0
entity_humans,entity_never,CO_MENTIONED_WITH,1.0
entity_humans,entity_real,CO_MENTIONED_WITH,1.0
entity_humans,entity_retention,CO_MENTIONED_WITH,1.0
entity_humans,entity_sadly,CO_MENTIONED_WITH,1.0
entity_humans,entity_telegrams,CO_MENTIONED_WITH,1.0
entity_humans,entity_the_real,CO_MENTIONED_WITH,1.0
entity_humans,entity_there,CO_MENTIONED_WITH,1.0
entity_kpi,entity_liquidity,CO_MENTIONED_WITH,1.0
entity_kpi,entity_lunarcrush,CO_MENTIONED_WITH,1.0
entity_kpi,entity_mev,CO_MENTIONED_WITH,1.0
entity_kpi,entity_most_web3,CO_MENTIONED_WITH,1.0
entity_kpi,entity_never,CO_MENTIONED_WITH,1.0
entity_kpi,entity_real,CO_MENTIONED_WITH,1.0
entity_kpi,entity_retention,CO_MENTIONED_WITH,1.0
entity_kpi,entity_sadly,CO_MENTIONED_WITH,1.0
entity_kpi,entity_telegrams,CO_MENTIONED_WITH,1.0
entity_kpi,entity_the_real,CO_MENTIONED_WITH,1.0
entity_kpi,entity_there,CO_MENTIONED_WITH,1.0
entity_liquidity,entity_lunarcrush,CO_MENTIONED_WITH,1.0
entity_liquidity,entity_mev,CO_MENTIONED_WITH,1.0
entity_liquidity,entity_most_web3,CO_MENTIONED_WITH,1.0
entity_liquidity,entity_never,CO_MENTIONED_WITH,1.0
entity_liquidity,entity_real,CO_MENTIONED_WITH,1.0
entity_liquidity,entity_retention,CO_MENTIONED_WITH,1.0
entity_liquidity,entity_sadly,CO_MENTIONED_WITH,1.0
entity_liquidity,entity_telegrams,CO_MENTIONED_WITH,1.0
entity_liquidity,entity_the_real,CO_MENTIONED_WITH,1.0
entity_liquidity,entity_there,CO_MENTIONED_WITH,1.0
entity_lunarcrush,entity_mev,CO_MENTIONED_WITH,1.0
entity_lunarcrush,entity_most_web3,CO_MENTIONED_WITH,1.0
entity_lunarcrush,entity_never,CO_MENTIONED_WITH,1.0
entity_lunarcrush,entity_real,CO_MENTIONED_WITH,1.0
entity_lunarcrush,entity_retention,CO_MENTIONED_WITH,1.0
entity_lunarcrush,entity_sadly,CO_MENTIONED_WITH,1.0
entity_lunarcrush,entity_telegrams,CO_MENTIONED_WITH,1.0
entity_lunarcrush,entity_the_real,CO_MENTIONED_WITH,1.0
entity_lunarcrush,entity_there,CO_MENTIONED_WITH,1.0
entity_mev,entity_most_web3,CO_MENTIONED_WITH,1.0
entity_mev,entity_never,CO_MENTIONED_WITH,1.0
entity_mev,entity_real,CO_MENTIONED_WITH,1.0
entity_mev,entity_retention,CO_MENTIONED_WITH,1.0
entity_mev,entity_sadly,CO_MENTIONED_WITH,1.0
entity_mev,entity_telegrams,CO_MENTIONED_WITH,1.0
entity_mev,entity_the_real,CO_MENTIONED_WITH,1.0
entity_mev,entity_there,CO_MENTIONED_WITH,1.0
entity_most_web3,entity_never,CO_MENTIONED_WITH,1.0
entity_most_web3,entity_real,CO_MENTIONED_WITH,1.0
entity_most_web3,entity_retention,CO_MENTIONED_WITH,1.0
entity_most_web3,entity_sadly,CO_MENTIONED_WITH,1.0
entity_most_web3,entity_telegrams,CO_MENTIONED_WITH,1.0
entity_most_web3,entity_the_real,CO_MENTIONED_WITH,1.0
entity_most_web3,entity_there,CO_MENTIONED_WITH,1.0
entity_never,entity_real,CO_MENTIONED_WITH,1.0
entity_never,entity_retention,CO_MENTIONED_WITH,1.0
entity_never,entity_sadly,CO_MENTIONED_WITH,1.0
entity_never,entity_telegrams,CO_MENTIONED_WITH,1.0
entity_never,entity_the_real,CO_MENTIONED_WITH,1.0
entity_never,entity_there,CO_MENTIONED_WITH,1.0
entity_real,entity_retention,CO_MENTIONED_WITH,1.0
entity_real,entity_sadly,CO_MENTIONED_WITH,1.0
entity_real,entity_telegrams,CO_MENTIONED_WITH,1.0
entity_real,entity_the_real,CO_MENTIONED_WITH,1.0
entity_real,entity_there,CO_MENTIONED_WITH,1.0
entity_retention,entity_sadly,CO_MENTIONED_WITH,1.0
entity_retention,entity_telegrams,CO_MENTIONED_WITH,1.0
entity_retention,entity_the_real,CO_MENTIONED_WITH,1.0
entity_retention,entity_there,CO_MENTIONED_WITH,1.0
entity_sadly,entity_telegrams,CO_MENTIONED_WITH,1.0
entity_sadly,entity_the_real,CO_MENTIONED_WITH,1.0
entity_sadly,entity_there,CO_MENTIONED_WITH,1.0
entity_telegrams,entity_the_real,CO_MENTIONED_WITH,1.0
entity_telegrams,entity_there,CO_MENTIONED_WITH,1.0
entity_the_real,entity_there,CO_MENTIONED_WITH,1.0
entity_api,topic_defi,BELONGS_TO,1.0
entity_according,topic_defi,BELONGS_TO,1.0
entity_btc,topic_defi,BELONGS_TO,1.0
entity_bitcoin,topic_defi,BELONGS_TO,1.0
entity_bitcoin_etfs,topic_defi,BELONGS_TO,1.0
entity_coingecko,topic_defi,BELONGS_TO,1.0
entity_crypto,topic_defi,BELONGS_TO,1.0
entity_dms,topic_defi,BELONGS_TO,1.0
entity_discord,topic_defi,BELONGS_TO,1.0
entity_discords,topic_defi,BELONGS_TO,1.0
entity_even,topic_defi,BELONGS_TO,1.0
entity_everyone,topic_defi,BELONGS_TO,1.0
entity_genuine,topic_defi,BELONGS_TO,1.0
entity_humans,topic_defi,BELONGS_TO,1.0
entity_kpi,topic_defi,BELONGS_TO,1.0
entity_liquidity,topic_defi,BELONGS_TO,1.0
entity_lunarcrush,topic_defi,BELONGS_TO,1.0
entity_most_web3,topic_defi,BELONGS_TO,1.0
entity_never,topic_defi,BELONGS_TO,1.0
entity_real,topic_defi,BELONGS_TO,1.0
entity_retention,topic_defi,BELONGS_TO,1.0
entity_sadly,topic_defi,BELONGS_TO,1.0
entity_telegrams,topic_defi,BELONGS_TO,1.0
entity_the_real,topic_defi,BELONGS_TO,1.0
entity_there,topic_defi,BELONGS_TO,1.0
entity_api,topic_security,BELONGS_TO,1.0
entity_according,topic_security,BELONGS_TO,1.0
entity_bitcoin_etfs,topic_security,BELONGS_TO,1.0
entity_coingecko,topic_security,BELONGS_TO,1.0
entity_crypto,topic_security,BELONGS_TO,1.0
entity_dms,topic_security,BELONGS_TO,1.0
entity_discord,topic_security,BELONGS_TO,1.0
entity_discords,topic_security,BELONGS_TO,1.0
entity_even,topic_security,BELONGS_TO,1.0
entity_everyone,topic_security,BELONGS_TO,1.0
entity_genuine,topic_security,BELONGS_TO,1.0
entity_humans,topic_security,BELONGS_TO,1.0
entity_kpi,topic_security,BELONGS_TO,1.0
entity_liquidity,topic_security,BELONGS_TO,1.0
entity_lunarcrush,topic_security,BELONGS_TO,1.0
entity_mev,topic_security,BELONGS_TO,1.0
entity_most_web3,topic_security,BELONGS_TO,1.0
entity_never,topic_security,BELONGS_TO,1.0
entity_real,topic_security,BELONGS_TO,1.0
entity_retention,topic_security,BELONGS_TO,1.0
entity_sadly,topic_security,BELONGS_TO,1.0
entity_telegrams,topic_security,BELONGS_TO,1.0
entity_the_real,topic_security,BELONGS_TO,1.0
entity_api,topic_institutional_crypto,BELONGS_TO,1.0
entity_according,topic_institutional_crypto,BELONGS_TO,1.0
entity_btc,topic_institutional_crypto,BELONGS_TO,1.0
entity_bitcoin,topic_institutional_crypto,BELONGS_TO,1.0
entity_bitcoin_etfs,topic_institutional_crypto,BELONGS_TO,1.0
entity_coingecko,topic_institutional_crypto,BELONGS_TO,1.0
entity_crypto,topic_institutional_crypto,BELONGS_TO,1.0
entity_dms,topic_institutional_crypto,BELONGS_TO,1.0
entity_discord,topic_institutional_crypto,BELONGS_TO,1.0
entity_discords,topic_institutional_crypto,BELONGS_TO,1.0
entity_even,topic_institutional_crypto,BELONGS_TO,1.0
entity_everyone,topic_institutional_crypto,BELONGS_TO,1.0
entity_genuine,topic_institutional_crypto,BELONGS_TO,1.0
entity_humans,topic_institutional_crypto,BELONGS_TO,1.0
entity_kpi,topic_institutional_crypto,BELONGS_TO,1.0
entity_liquidity,topic_institutional_crypto,BELONGS_TO,1.0
entity_lunarcrush,topic_institutional_crypto,BELONGS_TO,1.0
entity_mev,topic_institutional_crypto,BELONGS_TO,1.0
entity_most_web3,topic_institutional_crypto,BELONGS_TO,1.0
entity_never,topic_institutional_crypto,BELONGS_TO,1.0
entity_real,topic_institutional_crypto,BELONGS_TO,1.0
entity_retention,topic_institutional_crypto,BELONGS_TO,1.0
entity_sadly,topic_institutional_crypto,BELONGS_TO,1.0
entity_telegrams,topic_institutional_crypto,BELONGS_TO,1.0
entity_the_real,topic_institutional_crypto,BELONGS_TO,1.0
entity_there,topic_institutional_crypto,BELONGS_TO,1.0
post_1td8l7l,entity_blockchain_does,MENTIONS,1.0
post_1td8l7l,entity_collecting,MENTIONS,1.0
post_1td8l7l,entity_community,MENTIONS,1.0
post_1td8l7l,entity_competition,MENTIONS,1.0
post_1td8l7l,entity_gaming,MENTIONS,1.0
post_1td8l7l,entity_good,MENTIONS,1.0
post_1td8l7l,entity_immutable,MENTIONS,1.0
post_1td8l7l,entity_jpeg,MENTIONS,1.0
post_1td8l7l,entity_man,MENTIONS,1.0
post_1td8l7l,entity_meanwhile,MENTIONS,1.0
post_1td8l7l,entity_nfts,MENTIONS,1.0
post_1td8l7l,entity_players,MENTIONS,1.0
post_1td8l7l,entity_server,MENTIONS,1.0
entity_blockchain_does,entity_collecting,CO_MENTIONED_WITH,1.0
entity_blockchain_does,entity_community,CO_MENTIONED_WITH,1.0
entity_blockchain_does,entity_competition,CO_MENTIONED_WITH,1.0
entity_blockchain_does,entity_gaming,CO_MENTIONED_WITH,1.0
entity_blockchain_does,entity_good,CO_MENTIONED_WITH,1.0
entity_blockchain_does,entity_immutable,CO_MENTIONED_WITH,1.0
entity_blockchain_does,entity_jpeg,CO_MENTIONED_WITH,1.0
entity_blockchain_does,entity_man,CO_MENTIONED_WITH,1.0
entity_blockchain_does,entity_meanwhile,CO_MENTIONED_WITH,1.0
entity_blockchain_does,entity_nfts,CO_MENTIONED_WITH,1.0
entity_blockchain_does,entity_players,CO_MENTIONED_WITH,1.0
entity_blockchain_does,entity_server,CO_MENTIONED_WITH,1.0
entity_collecting,entity_community,CO_MENTIONED_WITH,1.0
entity_collecting,entity_competition,CO_MENTIONED_WITH,1.0
entity_collecting,entity_gaming,CO_MENTIONED_WITH,1.0
entity_collecting,entity_good,CO_MENTIONED_WITH,1.0
entity_collecting,entity_immutable,CO_MENTIONED_WITH,1.0
entity_collecting,entity_jpeg,CO_MENTIONED_WITH,1.0
entity_collecting,entity_man,CO_MENTIONED_WITH,1.0
entity_collecting,entity_meanwhile,CO_MENTIONED_WITH,1.0
entity_collecting,entity_nfts,CO_MENTIONED_WITH,1.0
entity_collecting,entity_players,CO_MENTIONED_WITH,1.0
entity_collecting,entity_server,CO_MENTIONED_WITH,1.0
entity_community,entity_competition,CO_MENTIONED_WITH,1.0
entity_community,entity_gaming,CO_MENTIONED_WITH,1.0
entity_community,entity_good,CO_MENTIONED_WITH,1.0
entity_community,entity_immutable,CO_MENTIONED_WITH,1.0
entity_community,entity_jpeg,CO_MENTIONED_WITH,1.0
entity_community,entity_man,CO_MENTIONED_WITH,1.0
entity_community,entity_meanwhile,CO_MENTIONED_WITH,1.0
entity_community,entity_nfts,CO_MENTIONED_WITH,1.0
entity_community,entity_players,CO_MENTIONED_WITH,1.0
entity_community,entity_server,CO_MENTIONED_WITH,1.0
entity_competition,entity_gaming,CO_MENTIONED_WITH,1.0
entity_competition,entity_good,CO_MENTIONED_WITH,1.0
entity_competition,entity_immutable,CO_MENTIONED_WITH,1.0
entity_competition,entity_jpeg,CO_MENTIONED_WITH,1.0
entity_competition,entity_man,CO_MENTIONED_WITH,1.0
entity_competition,entity_meanwhile,CO_MENTIONED_WITH,1.0
entity_competition,entity_nfts,CO_MENTIONED_WITH,1.0
entity_competition,entity_players,CO_MENTIONED_WITH,1.0
entity_competition,entity_server,CO_MENTIONED_WITH,1.0
entity_gaming,entity_good,CO_MENTIONED_WITH,1.0
entity_gaming,entity_immutable,CO_MENTIONED_WITH,1.0
entity_gaming,entity_jpeg,CO_MENTIONED_WITH,1.0
entity_gaming,entity_man,CO_MENTIONED_WITH,1.0
entity_gaming,entity_meanwhile,CO_MENTIONED_WITH,1.0
entity_gaming,entity_nfts,CO_MENTIONED_WITH,1.0
entity_gaming,entity_players,CO_MENTIONED_WITH,1.0
entity_gaming,entity_server,CO_MENTIONED_WITH,1.0
entity_good,entity_immutable,CO_MENTIONED_WITH,1.0
entity_good,entity_jpeg,CO_MENTIONED_WITH,1.0
entity_good,entity_man,CO_MENTIONED_WITH,1.0
entity_good,entity_meanwhile,CO_MENTIONED_WITH,1.0
entity_good,entity_nfts,CO_MENTIONED_WITH,1.0
entity_good,entity_players,CO_MENTIONED_WITH,1.0
entity_good,entity_server,CO_MENTIONED_WITH,1.0
entity_immutable,entity_jpeg,CO_MENTIONED_WITH,1.0
entity_immutable,entity_man,CO_MENTIONED_WITH,1.0
entity_immutable,entity_meanwhile,CO_MENTIONED_WITH,1.0
entity_immutable,entity_nfts,CO_MENTIONED_WITH,1.0
entity_immutable,entity_players,CO_MENTIONED_WITH,1.0
entity_immutable,entity_server,CO_MENTIONED_WITH,1.0
entity_jpeg,entity_man,CO_MENTIONED_WITH,1.0
entity_jpeg,entity_meanwhile,CO_MENTIONED_WITH,1.0
entity_jpeg,entity_players,CO_MENTIONED_WITH,1.0
entity_jpeg,entity_server,CO_MENTIONED_WITH,1.0
entity_man,entity_meanwhile,CO_MENTIONED_WITH,1.0
entity_man,entity_nfts,CO_MENTIONED_WITH,1.0
entity_man,entity_players,CO_MENTIONED_WITH,1.0
entity_man,entity_server,CO_MENTIONED_WITH,1.0
entity_meanwhile,entity_nfts,CO_MENTIONED_WITH,1.0
entity_meanwhile,entity_players,CO_MENTIONED_WITH,1.0
entity_meanwhile,entity_server,CO_MENTIONED_WITH,1.0
entity_nfts,entity_players,CO_MENTIONED_WITH,1.0
entity_nfts,entity_server,CO_MENTIONED_WITH,1.0
entity_players,entity_server,CO_MENTIONED_WITH,1.0
entity_blockchain_does,topic_defi,BELONGS_TO,1.0
entity_collecting,topic_defi,BELONGS_TO,1.0
entity_community,topic_defi,BELONGS_TO,1.0
entity_competition,topic_defi,BELONGS_TO,1.0
entity_gaming,topic_defi,BELONGS_TO,1.0
entity_good,topic_defi,BELONGS_TO,1.0
entity_immutable,topic_defi,BELONGS_TO,1.0
entity_jpeg,topic_defi,BELONGS_TO,1.0
entity_man,topic_defi,BELONGS_TO,1.0
entity_meanwhile,topic_defi,BELONGS_TO,1.0
entity_nfts,topic_defi,BELONGS_TO,1.0
entity_players,topic_defi,BELONGS_TO,1.0
entity_server,topic_defi,BELONGS_TO,1.0
entity_blockchain_does,topic_layer2_scaling,BELONGS_TO,1.0
entity_collecting,topic_layer2_scaling,BELONGS_TO,1.0
entity_community,topic_layer2_scaling,BELONGS_TO,1.0
entity_competition,topic_layer2_scaling,BELONGS_TO,1.0
entity_gaming,topic_layer2_scaling,BELONGS_TO,1.0
entity_good,topic_layer2_scaling,BELONGS_TO,1.0
entity_immutable,topic_layer2_scaling,BELONGS_TO,1.0
entity_jpeg,topic_layer2_scaling,BELONGS_TO,1.0
entity_man,topic_layer2_scaling,BELONGS_TO,1.0
entity_meanwhile,topic_layer2_scaling,BELONGS_TO,1.0
entity_nfts,topic_layer2_scaling,BELONGS_TO,1.0
entity_players,topic_layer2_scaling,BELONGS_TO,1.0
entity_server,topic_layer2_scaling,BELONGS_TO,1.0
entity_blockchain_does,topic_nft_and_gaming,BELONGS_TO,1.0
entity_collecting,topic_nft_and_gaming,BELONGS_TO,1.0
entity_community,topic_nft_and_gaming,BELONGS_TO,1.0
entity_competition,topic_nft_and_gaming,BELONGS_TO,1.0
entity_gaming,topic_nft_and_gaming,BELONGS_TO,1.0
entity_good,topic_nft_and_gaming,BELONGS_TO,1.0
entity_immutable,topic_nft_and_gaming,BELONGS_TO,1.0
entity_man,topic_nft_and_gaming,BELONGS_TO,1.0
entity_meanwhile,topic_nft_and_gaming,BELONGS_TO,1.0
entity_players,topic_nft_and_gaming,BELONGS_TO,1.0
entity_server,topic_nft_and_gaming,BELONGS_TO,1.0
post_1t8kbi7,entity_dms,MENTIONS,1.0
post_1t8kbi7,entity_filtering,MENTIONS,1.0
post_1t8kbi7,entity_got,MENTIONS,1.0
post_1t8kbi7,entity_kol,MENTIONS,1.0
post_1t8kbi7,entity_kols,MENTIONS,1.0
post_1t8kbi7,entity_reporting,MENTIONS,1.0
post_1t8kbi7,entity_sending,MENTIONS,1.0
post_1t8kbi7,entity_telegram,MENTIONS,1.0
post_1t8kbi7,entity_tracking,MENTIONS,1.0
post_1t8kbi7,entity_twitter,MENTIONS,1.0
entity_dms,entity_filtering,CO_MENTIONED_WITH,1.0
entity_dms,entity_got,CO_MENTIONED_WITH,1.0
entity_dms,entity_kol,CO_MENTIONED_WITH,1.0
entity_dms,entity_kols,CO_MENTIONED_WITH,1.0
entity_dms,entity_reporting,CO_MENTIONED_WITH,1.0
entity_dms,entity_sending,CO_MENTIONED_WITH,1.0
entity_dms,entity_telegram,CO_MENTIONED_WITH,1.0
entity_dms,entity_tracking,CO_MENTIONED_WITH,1.0
entity_dms,entity_twitter,CO_MENTIONED_WITH,1.0
entity_filtering,entity_got,CO_MENTIONED_WITH,1.0
entity_filtering,entity_kol,CO_MENTIONED_WITH,1.0
entity_filtering,entity_kols,CO_MENTIONED_WITH,1.0
entity_filtering,entity_reporting,CO_MENTIONED_WITH,1.0
entity_filtering,entity_sending,CO_MENTIONED_WITH,1.0
entity_filtering,entity_telegram,CO_MENTIONED_WITH,1.0
entity_filtering,entity_tracking,CO_MENTIONED_WITH,1.0
entity_filtering,entity_twitter,CO_MENTIONED_WITH,1.0
entity_got,entity_kol,CO_MENTIONED_WITH,1.0
entity_got,entity_kols,CO_MENTIONED_WITH,1.0
entity_got,entity_reporting,CO_MENTIONED_WITH,1.0
entity_got,entity_sending,CO_MENTIONED_WITH,1.0
entity_got,entity_telegram,CO_MENTIONED_WITH,1.0
entity_got,entity_tracking,CO_MENTIONED_WITH,1.0
entity_got,entity_twitter,CO_MENTIONED_WITH,1.0
entity_kol,entity_kols,CO_MENTIONED_WITH,1.0
entity_kol,entity_reporting,CO_MENTIONED_WITH,1.0
entity_kol,entity_sending,CO_MENTIONED_WITH,1.0
entity_kol,entity_telegram,CO_MENTIONED_WITH,1.0
entity_kol,entity_tracking,CO_MENTIONED_WITH,1.0
entity_kol,entity_twitter,CO_MENTIONED_WITH,1.0
entity_kols,entity_reporting,CO_MENTIONED_WITH,1.0
entity_kols,entity_sending,CO_MENTIONED_WITH,1.0
entity_kols,entity_telegram,CO_MENTIONED_WITH,1.0
entity_kols,entity_tracking,CO_MENTIONED_WITH,1.0
entity_kols,entity_twitter,CO_MENTIONED_WITH,1.0
entity_reporting,entity_sending,CO_MENTIONED_WITH,1.0
entity_reporting,entity_telegram,CO_MENTIONED_WITH,1.0
entity_reporting,entity_tracking,CO_MENTIONED_WITH,1.0
entity_reporting,entity_twitter,CO_MENTIONED_WITH,1.0
entity_sending,entity_telegram,CO_MENTIONED_WITH,1.0
entity_sending,entity_tracking,CO_MENTIONED_WITH,1.0
entity_sending,entity_twitter,CO_MENTIONED_WITH,1.0
entity_telegram,entity_tracking,CO_MENTIONED_WITH,1.0
entity_telegram,entity_twitter,CO_MENTIONED_WITH,1.0
entity_tracking,entity_twitter,CO_MENTIONED_WITH,1.0
entity_dms,topic_web3_general,BELONGS_TO,1.0
entity_filtering,topic_web3_general,BELONGS_TO,1.0
entity_got,topic_web3_general,BELONGS_TO,1.0
entity_kol,topic_web3_general,BELONGS_TO,1.0
entity_kols,topic_web3_general,BELONGS_TO,1.0
entity_reporting,topic_web3_general,BELONGS_TO,1.0
entity_sending,topic_web3_general,BELONGS_TO,1.0
entity_telegram,topic_web3_general,BELONGS_TO,1.0
entity_tracking,topic_web3_general,BELONGS_TO,1.0
entity_twitter,topic_web3_general,BELONGS_TO,1.0
post_1tfw2zw,entity_admit,MENTIONS,1.0
post_1tfw2zw,entity_btc,MENTIONS,1.0
post_1tfw2zw,entity_lack,MENTIONS,1.0
post_1tfw2zw,entity_trust,MENTIONS,1.0
entity_admit,entity_btc,CO_MENTIONED_WITH,1.0
entity_admit,entity_lack,CO_MENTIONED_WITH,1.0
entity_admit,entity_trust,CO_MENTIONED_WITH,1.0
entity_btc,entity_lack,CO_MENTIONED_WITH,1.0
entity_btc,entity_trust,CO_MENTIONED_WITH,1.0
entity_lack,entity_trust,CO_MENTIONED_WITH,1.0
entity_admit,topic_web3_general,BELONGS_TO,1.0
entity_btc,topic_web3_general,BELONGS_TO,1.0
entity_lack,topic_web3_general,BELONGS_TO,1.0
entity_trust,topic_web3_general,BELONGS_TO,1.0
post_1tbbxwj,entity_irl,MENTIONS,1.0
entity_irl,topic_web3_general,BELONGS_TO,1.0
post_1thuj4z,entity_ach,MENTIONS,1.0
post_1thuj4z,entity_b2b,MENTIONS,1.0
post_1thuj4z,entity_carrier,MENTIONS,1.0
post_1thuj4z,entity_conditional,MENTIONS,1.0
post_1thuj4z,entity_figured,MENTIONS,1.0
post_1thuj4z,entity_first,MENTIONS,1.0
post_1thuj4z,entity_gps,MENTIONS,1.0
post_1thuj4z,entity_honest,MENTIONS,1.0
post_1thuj4z,entity_mrr,MENTIONS,1.0
post_1thuj4z,entity_native_flow,MENTIONS,1.0
post_1thuj4z,entity_option,MENTIONS,1.0
post_1thuj4z,entity_pod,MENTIONS,1.0
post_1thuj4z,entity_posted,MENTIONS,1.0
post_1thuj4z,entity_smart,MENTIONS,1.0
post_1thuj4z,entity_three,MENTIONS,1.0
post_1thuj4z,entity_token,MENTIONS,1.0
post_1thuj4z,entity_usdc,MENTIONS,1.0
entity_ach,entity_b2b,CO_MENTIONED_WITH,1.0
entity_ach,entity_carrier,CO_MENTIONED_WITH,1.0
entity_ach,entity_conditional,CO_MENTIONED_WITH,1.0
entity_ach,entity_figured,CO_MENTIONED_WITH,1.0
entity_ach,entity_first,CO_MENTIONED_WITH,1.0
entity_ach,entity_gps,CO_MENTIONED_WITH,1.0
entity_ach,entity_honest,CO_MENTIONED_WITH,1.0
entity_ach,entity_mrr,CO_MENTIONED_WITH,1.0
entity_ach,entity_native_flow,CO_MENTIONED_WITH,1.0
entity_ach,entity_option,CO_MENTIONED_WITH,1.0
entity_ach,entity_pod,CO_MENTIONED_WITH,1.0
entity_ach,entity_posted,CO_MENTIONED_WITH,1.0
entity_ach,entity_smart,CO_MENTIONED_WITH,1.0
entity_ach,entity_three,CO_MENTIONED_WITH,1.0
entity_ach,entity_token,CO_MENTIONED_WITH,1.0
entity_ach,entity_usdc,CO_MENTIONED_WITH,1.0
entity_b2b,entity_carrier,CO_MENTIONED_WITH,1.0
entity_b2b,entity_conditional,CO_MENTIONED_WITH,1.0
entity_b2b,entity_figured,CO_MENTIONED_WITH,1.0
entity_b2b,entity_first,CO_MENTIONED_WITH,1.0
entity_b2b,entity_gps,CO_MENTIONED_WITH,1.0
entity_b2b,entity_honest,CO_MENTIONED_WITH,1.0
entity_b2b,entity_mrr,CO_MENTIONED_WITH,1.0
entity_b2b,entity_native_flow,CO_MENTIONED_WITH,1.0
entity_b2b,entity_option,CO_MENTIONED_WITH,1.0
entity_b2b,entity_pod,CO_MENTIONED_WITH,1.0
entity_b2b,entity_posted,CO_MENTIONED_WITH,1.0
entity_b2b,entity_smart,CO_MENTIONED_WITH,1.0
entity_b2b,entity_three,CO_MENTIONED_WITH,1.0
entity_b2b,entity_token,CO_MENTIONED_WITH,1.0
entity_b2b,entity_usdc,CO_MENTIONED_WITH,1.0
entity_carrier,entity_conditional,CO_MENTIONED_WITH,1.0
entity_carrier,entity_figured,CO_MENTIONED_WITH,1.0
entity_carrier,entity_first,CO_MENTIONED_WITH,1.0
entity_carrier,entity_gps,CO_MENTIONED_WITH,1.0
entity_carrier,entity_honest,CO_MENTIONED_WITH,1.0
entity_carrier,entity_mrr,CO_MENTIONED_WITH,1.0
entity_carrier,entity_native_flow,CO_MENTIONED_WITH,1.0
entity_carrier,entity_option,CO_MENTIONED_WITH,1.0
entity_carrier,entity_pod,CO_MENTIONED_WITH,1.0
entity_carrier,entity_posted,CO_MENTIONED_WITH,1.0
entity_carrier,entity_smart,CO_MENTIONED_WITH,1.0
entity_carrier,entity_three,CO_MENTIONED_WITH,1.0
entity_carrier,entity_token,CO_MENTIONED_WITH,1.0
entity_carrier,entity_usdc,CO_MENTIONED_WITH,1.0
entity_conditional,entity_figured,CO_MENTIONED_WITH,1.0
entity_conditional,entity_first,CO_MENTIONED_WITH,1.0
entity_conditional,entity_gps,CO_MENTIONED_WITH,1.0
entity_conditional,entity_honest,CO_MENTIONED_WITH,1.0
entity_conditional,entity_mrr,CO_MENTIONED_WITH,1.0
entity_conditional,entity_native_flow,CO_MENTIONED_WITH,1.0
entity_conditional,entity_option,CO_MENTIONED_WITH,1.0
entity_conditional,entity_pod,CO_MENTIONED_WITH,1.0
entity_conditional,entity_posted,CO_MENTIONED_WITH,1.0
entity_conditional,entity_smart,CO_MENTIONED_WITH,1.0
entity_conditional,entity_three,CO_MENTIONED_WITH,1.0
entity_conditional,entity_token,CO_MENTIONED_WITH,1.0
entity_conditional,entity_usdc,CO_MENTIONED_WITH,1.0
entity_figured,entity_first,CO_MENTIONED_WITH,1.0
entity_figured,entity_gps,CO_MENTIONED_WITH,1.0
entity_figured,entity_honest,CO_MENTIONED_WITH,1.0
entity_figured,entity_mrr,CO_MENTIONED_WITH,1.0
entity_figured,entity_native_flow,CO_MENTIONED_WITH,1.0
entity_figured,entity_option,CO_MENTIONED_WITH,1.0
entity_figured,entity_pod,CO_MENTIONED_WITH,1.0
entity_figured,entity_posted,CO_MENTIONED_WITH,1.0
entity_figured,entity_smart,CO_MENTIONED_WITH,1.0
entity_figured,entity_three,CO_MENTIONED_WITH,1.0
entity_figured,entity_token,CO_MENTIONED_WITH,1.0
entity_figured,entity_usdc,CO_MENTIONED_WITH,1.0
entity_first,entity_gps,CO_MENTIONED_WITH,1.0
entity_first,entity_honest,CO_MENTIONED_WITH,1.0
entity_first,entity_mrr,CO_MENTIONED_WITH,1.0
entity_first,entity_native_flow,CO_MENTIONED_WITH,1.0
entity_first,entity_option,CO_MENTIONED_WITH,1.0
entity_first,entity_pod,CO_MENTIONED_WITH,1.0
entity_first,entity_posted,CO_MENTIONED_WITH,1.0
entity_first,entity_smart,CO_MENTIONED_WITH,1.0
entity_first,entity_three,CO_MENTIONED_WITH,1.0
entity_first,entity_token,CO_MENTIONED_WITH,1.0
entity_first,entity_usdc,CO_MENTIONED_WITH,1.0
entity_gps,entity_honest,CO_MENTIONED_WITH,1.0
entity_gps,entity_mrr,CO_MENTIONED_WITH,1.0
entity_gps,entity_native_flow,CO_MENTIONED_WITH,1.0
entity_gps,entity_option,CO_MENTIONED_WITH,1.0
entity_gps,entity_pod,CO_MENTIONED_WITH,1.0
entity_gps,entity_posted,CO_MENTIONED_WITH,1.0
entity_gps,entity_smart,CO_MENTIONED_WITH,1.0
entity_gps,entity_three,CO_MENTIONED_WITH,1.0
entity_gps,entity_token,CO_MENTIONED_WITH,1.0
entity_gps,entity_usdc,CO_MENTIONED_WITH,1.0
entity_honest,entity_mrr,CO_MENTIONED_WITH,1.0
entity_honest,entity_native_flow,CO_MENTIONED_WITH,1.0
entity_honest,entity_option,CO_MENTIONED_WITH,1.0
entity_honest,entity_pod,CO_MENTIONED_WITH,1.0
entity_honest,entity_posted,CO_MENTIONED_WITH,1.0
entity_honest,entity_smart,CO_MENTIONED_WITH,1.0
entity_honest,entity_three,CO_MENTIONED_WITH,1.0
entity_honest,entity_token,CO_MENTIONED_WITH,1.0
entity_honest,entity_usdc,CO_MENTIONED_WITH,1.0
entity_mrr,entity_native_flow,CO_MENTIONED_WITH,1.0
entity_mrr,entity_option,CO_MENTIONED_WITH,1.0
entity_mrr,entity_pod,CO_MENTIONED_WITH,1.0
entity_mrr,entity_posted,CO_MENTIONED_WITH,1.0
entity_mrr,entity_smart,CO_MENTIONED_WITH,1.0
entity_mrr,entity_three,CO_MENTIONED_WITH,1.0
entity_mrr,entity_token,CO_MENTIONED_WITH,1.0
entity_mrr,entity_usdc,CO_MENTIONED_WITH,1.0
entity_native_flow,entity_option,CO_MENTIONED_WITH,1.0
entity_native_flow,entity_pod,CO_MENTIONED_WITH,1.0
entity_native_flow,entity_posted,CO_MENTIONED_WITH,1.0
entity_native_flow,entity_smart,CO_MENTIONED_WITH,1.0
entity_native_flow,entity_three,CO_MENTIONED_WITH,1.0
entity_native_flow,entity_token,CO_MENTIONED_WITH,1.0
entity_native_flow,entity_usdc,CO_MENTIONED_WITH,1.0
entity_option,entity_pod,CO_MENTIONED_WITH,1.0
entity_option,entity_posted,CO_MENTIONED_WITH,1.0
entity_option,entity_smart,CO_MENTIONED_WITH,1.0
entity_option,entity_three,CO_MENTIONED_WITH,1.0
entity_option,entity_token,CO_MENTIONED_WITH,1.0
entity_option,entity_usdc,CO_MENTIONED_WITH,1.0
entity_pod,entity_posted,CO_MENTIONED_WITH,1.0
entity_pod,entity_smart,CO_MENTIONED_WITH,1.0
entity_pod,entity_three,CO_MENTIONED_WITH,1.0
entity_pod,entity_token,CO_MENTIONED_WITH,1.0
entity_pod,entity_usdc,CO_MENTIONED_WITH,1.0
entity_posted,entity_smart,CO_MENTIONED_WITH,1.0
entity_posted,entity_three,CO_MENTIONED_WITH,1.0
entity_posted,entity_token,CO_MENTIONED_WITH,1.0
entity_posted,entity_usdc,CO_MENTIONED_WITH,1.0
entity_smart,entity_three,CO_MENTIONED_WITH,1.0
entity_smart,entity_token,CO_MENTIONED_WITH,1.0
entity_smart,entity_usdc,CO_MENTIONED_WITH,1.0
entity_three,entity_token,CO_MENTIONED_WITH,1.0
entity_three,entity_usdc,CO_MENTIONED_WITH,1.0
entity_token,entity_usdc,CO_MENTIONED_WITH,1.0
entity_ach,topic_nft_and_gaming,BELONGS_TO,1.0
entity_b2b,topic_nft_and_gaming,BELONGS_TO,1.0
entity_carrier,topic_nft_and_gaming,BELONGS_TO,1.0
entity_conditional,topic_nft_and_gaming,BELONGS_TO,1.0
entity_figured,topic_nft_and_gaming,BELONGS_TO,1.0
entity_first,topic_nft_and_gaming,BELONGS_TO,1.0
entity_gps,topic_nft_and_gaming,BELONGS_TO,1.0
entity_honest,topic_nft_and_gaming,BELONGS_TO,1.0
entity_mrr,topic_nft_and_gaming,BELONGS_TO,1.0
entity_native_flow,topic_nft_and_gaming,BELONGS_TO,1.0
entity_option,topic_nft_and_gaming,BELONGS_TO,1.0
entity_pod,topic_nft_and_gaming,BELONGS_TO,1.0
entity_posted,topic_nft_and_gaming,BELONGS_TO,1.0
entity_smart,topic_nft_and_gaming,BELONGS_TO,1.0
entity_three,topic_nft_and_gaming,BELONGS_TO,1.0
entity_token,topic_nft_and_gaming,BELONGS_TO,1.0
entity_usdc,topic_nft_and_gaming,BELONGS_TO,1.0
entity_ach,topic_stablecoins,BELONGS_TO,1.0
entity_b2b,topic_stablecoins,BELONGS_TO,1.0
entity_carrier,topic_stablecoins,BELONGS_TO,1.0
entity_conditional,topic_stablecoins,BELONGS_TO,1.0
entity_figured,topic_stablecoins,BELONGS_TO,1.0
entity_first,topic_stablecoins,BELONGS_TO,1.0
entity_gps,topic_stablecoins,BELONGS_TO,1.0
entity_honest,topic_stablecoins,BELONGS_TO,1.0
entity_mrr,topic_stablecoins,BELONGS_TO,1.0
entity_native_flow,topic_stablecoins,BELONGS_TO,1.0
entity_option,topic_stablecoins,BELONGS_TO,1.0
entity_pod,topic_stablecoins,BELONGS_TO,1.0
entity_posted,topic_stablecoins,BELONGS_TO,1.0
entity_smart,topic_stablecoins,BELONGS_TO,1.0
entity_three,topic_stablecoins,BELONGS_TO,1.0
entity_token,topic_stablecoins,BELONGS_TO,1.0
post_1teb5zu,entity_curious,MENTIONS,1.0
post_1teb5zu,entity_no_saas,MENTIONS,1.0
post_1teb5zu,entity_what_ai,MENTIONS,1.0
entity_curious,entity_no_saas,CO_MENTIONED_WITH,1.0
entity_curious,entity_what_ai,CO_MENTIONED_WITH,1.0
entity_no_saas,entity_what_ai,CO_MENTIONED_WITH,1.0
entity_no_saas,topic_security,BELONGS_TO,1.0
entity_what_ai,topic_security,BELONGS_TO,1.0
post_1taf3zo,entity_blockchain,MENTIONS,1.0
post_1taf3zo,entity_blue,MENTIONS,1.0
post_1taf3zo,entity_democrats,MENTIONS,1.0
post_1taf3zo,entity_lots,MENTIONS,1.0
post_1taf3zo,entity_many,MENTIONS,1.0
post_1taf3zo,entity_mayors,MENTIONS,1.0
post_1taf3zo,entity_the_democrats,MENTIONS,1.0
entity_blockchain,entity_blue,CO_MENTIONED_WITH,1.0
entity_blockchain,entity_democrats,CO_MENTIONED_WITH,1.0
entity_blockchain,entity_lots,CO_MENTIONED_WITH,1.0
entity_blockchain,entity_many,CO_MENTIONED_WITH,1.0
entity_blockchain,entity_mayors,CO_MENTIONED_WITH,1.0
entity_blockchain,entity_the_democrats,CO_MENTIONED_WITH,1.0
entity_blue,entity_democrats,CO_MENTIONED_WITH,1.0
entity_blue,entity_lots,CO_MENTIONED_WITH,1.0
entity_blue,entity_many,CO_MENTIONED_WITH,1.0
entity_blue,entity_mayors,CO_MENTIONED_WITH,1.0
entity_blue,entity_the_democrats,CO_MENTIONED_WITH,1.0
entity_democrats,entity_lots,CO_MENTIONED_WITH,1.0
entity_democrats,entity_many,CO_MENTIONED_WITH,1.0
entity_democrats,entity_mayors,CO_MENTIONED_WITH,1.0
entity_democrats,entity_the_democrats,CO_MENTIONED_WITH,1.0
entity_lots,entity_many,CO_MENTIONED_WITH,1.0
entity_lots,entity_mayors,CO_MENTIONED_WITH,1.0
entity_lots,entity_the_democrats,CO_MENTIONED_WITH,1.0
entity_many,entity_mayors,CO_MENTIONED_WITH,1.0
entity_many,entity_the_democrats,CO_MENTIONED_WITH,1.0
entity_mayors,entity_the_democrats,CO_MENTIONED_WITH,1.0
entity_blockchain,topic_web3_general,BELONGS_TO,1.0
entity_blue,topic_web3_general,BELONGS_TO,1.0
entity_democrats,topic_web3_general,BELONGS_TO,1.0
entity_lots,topic_web3_general,BELONGS_TO,1.0
entity_many,topic_web3_general,BELONGS_TO,1.0
entity_mayors,topic_web3_general,BELONGS_TO,1.0
entity_the_democrats,topic_web3_general,BELONGS_TO,1.0
post_1tinf8k,entity_more,MENTIONS,1.0
post_1tbyyuh,entity_building,MENTIONS,1.0
post_1tbyyuh,entity_easy,MENTIONS,1.0
post_1tbyyuh,entity_genuinely,MENTIONS,1.0
post_1tbyyuh,entity_payment,MENTIONS,1.0
post_1tbyyuh,entity_redirect,MENTIONS,1.0
post_1tbyyuh,entity_there,MENTIONS,1.0
post_1tbyyuh,entity_user,MENTIONS,1.0
post_1tbyyuh,entity_white_label,MENTIONS,1.0
entity_building,entity_easy,CO_MENTIONED_WITH,1.0
entity_building,entity_genuinely,CO_MENTIONED_WITH,1.0
entity_building,entity_payment,CO_MENTIONED_WITH,1.0
entity_building,entity_redirect,CO_MENTIONED_WITH,1.0
entity_building,entity_there,CO_MENTIONED_WITH,1.0
entity_building,entity_user,CO_MENTIONED_WITH,1.0
entity_building,entity_white_label,CO_MENTIONED_WITH,1.0
entity_easy,entity_genuinely,CO_MENTIONED_WITH,1.0
entity_easy,entity_payment,CO_MENTIONED_WITH,1.0
entity_easy,entity_redirect,CO_MENTIONED_WITH,1.0
entity_easy,entity_there,CO_MENTIONED_WITH,1.0
entity_easy,entity_user,CO_MENTIONED_WITH,1.0
entity_easy,entity_white_label,CO_MENTIONED_WITH,1.0
entity_genuinely,entity_payment,CO_MENTIONED_WITH,1.0
entity_genuinely,entity_redirect,CO_MENTIONED_WITH,1.0
entity_genuinely,entity_there,CO_MENTIONED_WITH,1.0
entity_genuinely,entity_user,CO_MENTIONED_WITH,1.0
entity_genuinely,entity_white_label,CO_MENTIONED_WITH,1.0
entity_payment,entity_redirect,CO_MENTIONED_WITH,1.0
entity_payment,entity_there,CO_MENTIONED_WITH,1.0
entity_payment,entity_user,CO_MENTIONED_WITH,1.0
entity_payment,entity_white_label,CO_MENTIONED_WITH,1.0
entity_redirect,entity_there,CO_MENTIONED_WITH,1.0
entity_redirect,entity_user,CO_MENTIONED_WITH,1.0
entity_redirect,entity_white_label,CO_MENTIONED_WITH,1.0
entity_there,entity_user,CO_MENTIONED_WITH,1.0
entity_there,entity_white_label,CO_MENTIONED_WITH,1.0
entity_user,entity_white_label,CO_MENTIONED_WITH,1.0
entity_building,topic_security,BELONGS_TO,1.0
entity_easy,topic_security,BELONGS_TO,1.0
entity_genuinely,topic_security,BELONGS_TO,1.0
entity_payment,topic_security,BELONGS_TO,1.0
entity_redirect,topic_security,BELONGS_TO,1.0
entity_user,topic_security,BELONGS_TO,1.0
entity_white_label,topic_security,BELONGS_TO,1.0
post_1tb3fuc,entity_nft,MENTIONS,1.0
post_1tb3fuc,entity_xrp,MENTIONS,1.0
post_1tb3fuc,entity_xrpl_native_nft,MENTIONS,1.0
entity_nft,entity_xrp,CO_MENTIONED_WITH,1.0
entity_nft,entity_xrpl_native_nft,CO_MENTIONED_WITH,1.0
entity_xrp,entity_xrpl_native_nft,CO_MENTIONED_WITH,1.0
entity_xrp,topic_nft_and_gaming,BELONGS_TO,1.0
entity_xrpl_native_nft,topic_nft_and_gaming,BELONGS_TO,1.0
entity_nft,topic_stablecoins,BELONGS_TO,1.0
entity_xrp,topic_stablecoins,BELONGS_TO,1.0
entity_xrpl_native_nft,topic_stablecoins,BELONGS_TO,1.0
